"X","AI_Prov_Name","File_Date","File_Count","Group_Count","Ethnicity","IEP","LEP","Gender","Ven_Stud_ID","Grade","Stud_Test_ID","Score_Flag","Item_ID","Item_Response","Final_Score","Data_Point","Read1_Date","Read1_ID","Read1_Score","Read1_Cond","Read2_Date","Read2_ID","Read2_Score","Read2_Cond","Read3_Date","Read3_ID","Read3_Score","Read3_Cond","Read5_Date","Read5_ID","Read5_Score","Read5_Cond","Alert_Code","Alert_ReaderID","prediction"
0,"AI-XC",20131119122053,500,500,"W","N","N","M",748244,10,10583708,"Y",46619,"Because they are congruent or equal to each other",NA,NA,NA,NA,NA,NA,NA,NA,NA,NA,NA,NA,NA,NA,NA,NA,NA,NA,NA,NA,0.0702488325013449
1,"AI-XC",20131119122053,500,500,"W","N","N","M",750360,10,10583716,"Y",46619,"transitive property",NA,NA,NA,NA,NA,NA,NA,NA,NA,NA,NA,NA,NA,NA,NA,NA,NA,NA,NA,NA,0.0456084627906029
2,"AI-XC",20131119122053,500,500,"NR","","","M",768080,10,10583747,"Y",46619,"The segments both are equal in size/length or are symetric to eachother.",NA,NA,NA,NA,NA,NA,NA,NA,NA,NA,NA,NA,NA,NA,NA,NA,NA,NA,NA,NA,0.0426585920636188
3,"AI-XC",20131119122053,500,500,"H","N","Y","F",768452,10,10583755,"Y",46619,"side-side-side",NA,NA,NA,NA,NA,NA,NA,NA,NA,NA,NA,NA,NA,NA,NA,NA,NA,NA,NA,NA,1
4,"AI-XC",20131119122053,500,500,"H","N","N","M",768961,10,10583781,"Y",46619,"SAS",NA,NA,NA,NA,NA,NA,NA,NA,NA,NA,NA,NA,NA,NA,NA,NA,NA,NA,NA,NA,0.066434967674774
5,"AI-XC",20131119122053,500,500,"H","N","N","F",821108,10,10583783,"Y",46619,"congruent",NA,NA,NA,NA,NA,NA,NA,NA,NA,NA,NA,NA,NA,NA,NA,NA,NA,NA,NA,NA,0.0578895422650903
6,"AI-XC",20131119122053,500,500,"B","N","N","M",821168,10,10583786,"Y",46619,"AD bisects BAC",NA,NA,NA,NA,NA,NA,NA,NA,NA,NA,NA,NA,NA,NA,NA,NA,NA,NA,NA,NA,0.0748372901434547
7,"AI-XC",20131119122053,500,500,"W","N","N","F",821332,10,10583791,"Y",46619,"idk",NA,NA,NA,NA,NA,NA,NA,NA,NA,NA,NA,NA,NA,NA,NA,NA,NA,NA,NA,NA,0.0762670191226275
8,"AI-XC",20131119122053,500,500,"W","N","N","F",821376,10,10583798,"Y",46619,"The angles reflect.",NA,NA,NA,NA,NA,NA,NA,NA,NA,NA,NA,NA,NA,NA,NA,NA,NA,NA,NA,NA,0.0382747559974897
9,"AI-XC",20131119122053,500,500,"W","N","N","M",821460,10,10583829,"Y",46619,"AD bisects the triangle, cutting it into two congruent halfs, which means the two triangles on both sides are the same",NA,NA,NA,NA,NA,NA,NA,NA,NA,NA,NA,NA,NA,NA,NA,NA,NA,NA,NA,NA,0.0571744028691686
10,"AI-XC",20131119122053,500,500,"W","N","N","F",821501,10,10583836,"Y",46619,"angle ACD is congruent to ABD",NA,NA,NA,NA,NA,NA,NA,NA,NA,NA,NA,NA,NA,NA,NA,NA,NA,NA,NA,NA,0.0311497281711048
11,"AI-XC",20131119122053,500,500,"B","N","N","F",821541,10,10583862,"Y",46619,"They are congruent and they are reflexive",NA,NA,NA,NA,NA,NA,NA,NA,NA,NA,NA,NA,NA,NA,NA,NA,NA,NA,NA,NA,0.245991473358211
12,"AI-XC",20131119122053,500,500,"H","N","","F",821905,10,10583865,"Y",46619,"Line BD and line DC are congrent to eachother. Line BA is the same to AC",NA,NA,NA,NA,NA,NA,NA,NA,NA,NA,NA,NA,NA,NA,NA,NA,NA,NA,NA,NA,0.499209869132773
13,"AI-XC",20131119122053,500,500,"H","Y","N","M",822250,10,10583869,"Y",46619,"given",NA,NA,NA,NA,NA,NA,NA,NA,NA,NA,NA,NA,NA,NA,NA,NA,NA,NA,NA,NA,0.0546528829581568
14,"AI-XC",20131119122053,500,500,"W","N","","M",822421,10,10583873,"Y",46619,"dogs r cute",NA,NA,NA,NA,NA,NA,NA,NA,NA,NA,NA,NA,NA,NA,NA,NA,NA,NA,NA,NA,0.0781571435526291
15,"AI-XC",20131119122053,500,500,"W","N","","M",822568,10,10583880,"Y",46619,"Side Side Side Congruence. (SSS)",NA,NA,NA,NA,NA,NA,NA,NA,NA,NA,NA,NA,NA,NA,NA,NA,NA,NA,NA,NA,1
16,"AI-XC",20131119122053,500,500,"W","","","M",822571,10,10583906,"Y",46619,"The lengths are the same and the order of the letters are the same so therefore they are equal.",NA,NA,NA,NA,NA,NA,NA,NA,NA,NA,NA,NA,NA,NA,NA,NA,NA,NA,NA,NA,0.0890376782133322
17,"AI-XC",20131119122053,500,500,"W","","","F",822572,10,10583910,"Y",46619,"side side side theorem",NA,NA,NA,NA,NA,NA,NA,NA,NA,NA,NA,NA,NA,NA,NA,NA,NA,NA,NA,NA,1
18,"AI-XC",20131119122053,500,500,"W","N","N","F",822793,10,10583915,"Y",46619,"parallel",NA,NA,NA,NA,NA,NA,NA,NA,NA,NA,NA,NA,NA,NA,NA,NA,NA,NA,NA,NA,0.0431316276437236
19,"AI-XC",20131119122053,500,500,"H","N","N","F",822842,10,10583941,"Y",46619,"Reason of congruant triangles",NA,NA,NA,NA,NA,NA,NA,NA,NA,NA,NA,NA,NA,NA,NA,NA,NA,NA,NA,NA,0.06622852195428
20,"AI-XC",20131119122053,500,500,"W","N","","M",822947,10,10583943,"Y",46619,"Side-Side-Side Property",NA,NA,NA,NA,NA,NA,NA,NA,NA,NA,NA,NA,NA,NA,NA,NA,NA,NA,NA,NA,1
21,"AI-XC",20131119122053,500,500,"W","N","","M",822997,10,10583947,"Y",46619,"all angles are equal",NA,NA,NA,NA,NA,NA,NA,NA,NA,NA,NA,NA,NA,NA,NA,NA,NA,NA,NA,NA,0.046903466299688
22,"AI-XC",20131119122053,500,500,"B","N","","F",823008,10,10583952,"Y",46619,"i dont know",NA,NA,NA,NA,NA,NA,NA,NA,NA,NA,NA,NA,NA,NA,NA,NA,NA,NA,NA,NA,0.0529604003512519
23,"AI-XC",20131119122053,500,500,"W","N","","M",823136,10,10583959,"Y",46619,"Side-Angle-Side",NA,NA,NA,NA,NA,NA,NA,NA,NA,NA,NA,NA,NA,NA,NA,NA,NA,NA,NA,NA,0.0611878597577598
24,"AI-XC",20131119122053,500,500,"H","N","Y","M",823307,10,10583989,"Y",46619,"proven",NA,NA,NA,NA,NA,NA,NA,NA,NA,NA,NA,NA,NA,NA,NA,NA,NA,NA,NA,NA,0.0472264760839889
25,"AI-XC",20131119122053,500,500,"H","N","N","M",823397,10,10583995,"Y",46619,"side-angle-side",NA,NA,NA,NA,NA,NA,NA,NA,NA,NA,NA,NA,NA,NA,NA,NA,NA,NA,NA,NA,0.0611878597577598
26,"AI-XC",20131119122053,500,500,"H","N","N","M",823410,10,10584021,"Y",46619,"the Side, Side, Side property proves that triangle ABD and ACD are congruent.",NA,NA,NA,NA,NA,NA,NA,NA,NA,NA,NA,NA,NA,NA,NA,NA,NA,NA,NA,NA,0.875008387300493
27,"AI-XC",20131119122053,500,500,"W","N","","M",823530,10,10584024,"Y",46619,"aliens",NA,NA,NA,NA,NA,NA,NA,NA,NA,NA,NA,NA,NA,NA,NA,NA,NA,NA,NA,NA,0.0576207656216284
28,"AI-XC",20131119122053,500,500,"NR","","","F",823818,10,10584028,"Y",46619,"By knowing that this triangle is bisected you know that the is a 90 degree angle on the bisector and that BD and DC are congruent. This is the 2 pieces of imformation you need ot know in order to prove congruence.",NA,NA,NA,NA,NA,NA,NA,NA,NA,NA,NA,NA,NA,NA,NA,NA,NA,NA,NA,NA,0.320941233515698
29,"AI-XC",20131119122053,500,500,"B","","","F",824113,10,10584033,"Y",46619,"Side-side-side",NA,NA,NA,NA,NA,NA,NA,NA,NA,NA,NA,NA,NA,NA,NA,NA,NA,NA,NA,NA,1
30,"AI-XC",20131119122053,500,500,"W","N","N","F",824153,10,10584040,"Y",46619,"Side Angle Side",NA,NA,NA,NA,NA,NA,NA,NA,NA,NA,NA,NA,NA,NA,NA,NA,NA,NA,NA,NA,0.0693797049304126
31,"AI-XC",20131119122053,500,500,"H","N","N","M",824187,10,10584063,"Y",46619,"i honestly dont know",NA,NA,NA,NA,NA,NA,NA,NA,NA,NA,NA,NA,NA,NA,NA,NA,NA,NA,NA,NA,0.0410178786551424
32,"AI-XC",20131119122053,500,500,"I","","","F",824199,10,10584067,"Y",46619,"both lines are side angle side",NA,NA,NA,NA,NA,NA,NA,NA,NA,NA,NA,NA,NA,NA,NA,NA,NA,NA,NA,NA,0.0399090055902801
33,"AI-XC",20131119122053,500,500,"H","N","Y","F",824269,10,10584072,"Y",46619,"symmetric property",NA,NA,NA,NA,NA,NA,NA,NA,NA,NA,NA,NA,NA,NA,NA,NA,NA,NA,NA,NA,0.0722518723824697
34,"AI-XC",20131119122053,500,500,"H","Y","N","M",824406,10,10584079,"Y",46619,"Side-Side-Side triangle",NA,NA,NA,NA,NA,NA,NA,NA,NA,NA,NA,NA,NA,NA,NA,NA,NA,NA,NA,NA,1
35,"AI-XC",20131119122053,500,500,"W","Y","N","M",824786,10,10584108,"Y",46619,"666",NA,NA,NA,NA,NA,NA,NA,NA,NA,NA,NA,NA,NA,NA,NA,NA,NA,NA,NA,NA,0.121124371734536
36,"AI-XC",20131119122053,500,500,"W","N","","M",825818,10,10584114,"Y",46619,"ghmn",NA,NA,NA,NA,NA,NA,NA,NA,NA,NA,NA,NA,NA,NA,NA,NA,NA,NA,NA,NA,0.0769951700932259
37,"AI-XC",20131119122053,500,500,"W","Y","N","M",826056,10,10584120,"Y",46619,"Mirror.",NA,NA,NA,NA,NA,NA,NA,NA,NA,NA,NA,NA,NA,NA,NA,NA,NA,NA,NA,NA,0.0585614896578208
38,"AI-XC",20131119122053,500,500,"H","N","N","F",826162,10,10584153,"Y",46619,"side-side-side theorem",NA,NA,NA,NA,NA,NA,NA,NA,NA,NA,NA,NA,NA,NA,NA,NA,NA,NA,NA,NA,1
39,"AI-XC",20131119122053,500,500,"H","N","Y","M",826473,10,10584159,"Y",46619,"side- angle-side congruence",NA,NA,NA,NA,NA,NA,NA,NA,NA,NA,NA,NA,NA,NA,NA,NA,NA,NA,NA,NA,0.0950977366229669
40,"AI-XC",20131119122053,500,500,"H","N","N","M",826678,10,10584193,"Y",46619,"its the same angles",NA,NA,NA,NA,NA,NA,NA,NA,NA,NA,NA,NA,NA,NA,NA,NA,NA,NA,NA,NA,0.029968612834829
41,"AI-XC",20131119122053,500,500,"H","N","N","M",826960,10,10584200,"Y",46619,"end part",NA,NA,NA,NA,NA,NA,NA,NA,NA,NA,NA,NA,NA,NA,NA,NA,NA,NA,NA,NA,0.037198930322988
42,"AI-XC",20131119122053,500,500,"W","N","N","F",827124,10,10584264,"Y",46619,"side angle side congruence",NA,NA,NA,NA,NA,NA,NA,NA,NA,NA,NA,NA,NA,NA,NA,NA,NA,NA,NA,NA,0.0796590991752815
43,"AI-XC",20131119122053,500,500,"W","N","N","F",827177,10,10584268,"Y",46619,"Line AD bisects triangle ABC splitting it into two congruent triangles.",NA,NA,NA,NA,NA,NA,NA,NA,NA,NA,NA,NA,NA,NA,NA,NA,NA,NA,NA,NA,0.0228704777388403
44,"AI-XC",20131119122053,500,500,"NR","","","M",827897,10,10584274,"Y",46619,"ASA",NA,NA,NA,NA,NA,NA,NA,NA,NA,NA,NA,NA,NA,NA,NA,NA,NA,NA,NA,NA,0.0357602603320316
45,"AI-XC",20131119122053,500,500,"B","","","M",829467,10,10584289,"Y",46619,"BC",NA,NA,NA,NA,NA,NA,NA,NA,NA,NA,NA,NA,NA,NA,NA,NA,NA,NA,NA,NA,0.122764824009468
46,"AI-XC",20131119122053,500,500,"W","N","N","F",829478,10,10584295,"Y",46619,"line-angle-line",NA,NA,NA,NA,NA,NA,NA,NA,NA,NA,NA,NA,NA,NA,NA,NA,NA,NA,NA,NA,0.0266509741629616
47,"AI-XC",20131119122053,500,500,"W","N","N","F",829576,10,10584309,"Y",46619,"Transitive property",NA,NA,NA,NA,NA,NA,NA,NA,NA,NA,NA,NA,NA,NA,NA,NA,NA,NA,NA,NA,0.0456084627906029
48,"AI-XC",20131119122053,500,500,"NR","","","M",829587,10,10584315,"Y",46619,"Line AD cuts triangle ABC exactly in half.",NA,NA,NA,NA,NA,NA,NA,NA,NA,NA,NA,NA,NA,NA,NA,NA,NA,NA,NA,NA,0.0463200160778959
49,"AI-XC",20131119122053,500,500,"NR","","","F",829737,10,10584329,"Y",46619,"Coungruent Angles Theorem",NA,NA,NA,NA,NA,NA,NA,NA,NA,NA,NA,NA,NA,NA,NA,NA,NA,NA,NA,NA,0.0417475467598629
50,"AI-XC",20131119122053,500,500,"NR","","","M",829881,10,10584335,"Y",46619,"That segments AB and AC are congruent, segments BD and DC are congruent, and that segment AD is congruent to itself.",NA,NA,NA,NA,NA,NA,NA,NA,NA,NA,NA,NA,NA,NA,NA,NA,NA,NA,NA,NA,0.649278996787767
51,"AI-XC",20131119122053,500,500,"W","","","M",830040,10,10584346,"Y",46619,"Corresponding parts are congruent",NA,NA,NA,NA,NA,NA,NA,NA,NA,NA,NA,NA,NA,NA,NA,NA,NA,NA,NA,NA,0.0566965169199873
52,"AI-XC",20131119122053,500,500,"B","","","M",830120,10,10584352,"Y",46619,"WEWE",NA,NA,NA,NA,NA,NA,NA,NA,NA,NA,NA,NA,NA,NA,NA,NA,NA,NA,NA,NA,0.0652677358097174
53,"AI-XC",20131119122053,500,500,"NR","","","F",830613,10,10584359,"Y",46619,"The reasons suppoprting triangle ABD being congruent to triangle ACD are that all sides have been proven to be congruent to eachother.",NA,NA,NA,NA,NA,NA,NA,NA,NA,NA,NA,NA,NA,NA,NA,NA,NA,NA,NA,NA,0.11814174223029
54,"AI-XC",20131119122053,500,500,"NR","","","M",830614,10,10584370,"Y",46619,"Triangle ABD is congruent to triangle ACD because they share segment AD, BC is congruent to CD, and AB is congruent to AC.",NA,NA,NA,NA,NA,NA,NA,NA,NA,NA,NA,NA,NA,NA,NA,NA,NA,NA,NA,NA,0.427673464915793
55,"AI-XC",20131119122053,500,500,"NR","","","F",830617,10,10584376,"Y",46619,"The Side-Side-Side Triangle Congruence Theorem.",NA,NA,NA,NA,NA,NA,NA,NA,NA,NA,NA,NA,NA,NA,NA,NA,NA,NA,NA,NA,1
56,"AI-XC",20131119122053,500,500,"W","N","N","F",830840,10,10584390,"Y",46619,"AB has the sanme length that AC does. Also, they both have the same angle.",NA,NA,NA,NA,NA,NA,NA,NA,NA,NA,NA,NA,NA,NA,NA,NA,NA,NA,NA,NA,0.208657431146884
57,"AI-XC",20131119122053,500,500,"H","N","N","M",831165,10,10584395,"Y",46619,"asa",NA,NA,NA,NA,NA,NA,NA,NA,NA,NA,NA,NA,NA,NA,NA,NA,NA,NA,NA,NA,0.0357602603320316
58,"AI-XC",20131119122053,500,500,"B","N","N","M",831282,10,10584402,"Y",46619,"They Are Congruent",NA,NA,NA,NA,NA,NA,NA,NA,NA,NA,NA,NA,NA,NA,NA,NA,NA,NA,NA,NA,0.0605946273163634
59,"AI-XC",20131119122053,500,500,"H","Y","N","F",831392,10,10584405,"Y",46619,"ADB",NA,NA,NA,NA,NA,NA,NA,NA,NA,NA,NA,NA,NA,NA,NA,NA,NA,NA,NA,NA,0.0510427719291287
60,"AI-XC",20131119122053,500,500,"H","N","Y","M",831567,10,10584410,"Y",46619,"also for transitive property",NA,NA,NA,NA,NA,NA,NA,NA,NA,NA,NA,NA,NA,NA,NA,NA,NA,NA,NA,NA,0.047015150824331
61,"AI-XC",20131119122053,500,500,"H","N","N","M",832335,10,10584415,"Y",46619,"Reflexive Property",NA,NA,NA,NA,NA,NA,NA,NA,NA,NA,NA,NA,NA,NA,NA,NA,NA,NA,NA,NA,0.0512787159207537
62,"AI-XC",20131119122053,500,500,"NR","","","F",832488,10,10584431,"Y",46619,"similar triangle theorem",NA,NA,NA,NA,NA,NA,NA,NA,NA,NA,NA,NA,NA,NA,NA,NA,NA,NA,NA,NA,0.0927916134211384
63,"AI-XC",20131119122053,500,500,"NR","","","M",832733,10,10584437,"Y",46619,"BD is equal to CD.",NA,NA,NA,NA,NA,NA,NA,NA,NA,NA,NA,NA,NA,NA,NA,NA,NA,NA,NA,NA,0.0505536729857656
64,"AI-XC",20131119122053,500,500,"NR","","","M",832779,10,10584447,"Y",46619,"D is perpemdicular  M<A=M<B=M<C",NA,NA,NA,NA,NA,NA,NA,NA,NA,NA,NA,NA,NA,NA,NA,NA,NA,NA,NA,NA,0.132476276919129
65,"AI-XC",20131119122053,500,500,"NR","","","F",832948,10,10584451,"Y",46619,"Triangle ABD is congruent to ACD because everything is the same. They are reflective of one another.",NA,NA,NA,NA,NA,NA,NA,NA,NA,NA,NA,NA,NA,NA,NA,NA,NA,NA,NA,NA,0.111443911034059
66,"AI-XC",20131119122053,500,500,"NR","","","M",832992,10,10584457,"Y",46619,"AD cuts at the bisect making two equal triangles",NA,NA,NA,NA,NA,NA,NA,NA,NA,NA,NA,NA,NA,NA,NA,NA,NA,NA,NA,NA,0.026497344982529
67,"AI-XC",20131119122053,500,500,"NR","","","F",833049,10,10584462,"Y",46619,"I dont know",NA,NA,NA,NA,NA,NA,NA,NA,NA,NA,NA,NA,NA,NA,NA,NA,NA,NA,NA,NA,0.0529604003512519
68,"AI-XC",20131119122053,500,500,"NR","","","F",833216,10,10584465,"Y",46619,"ABD is a congruent to ACD.",NA,NA,NA,NA,NA,NA,NA,NA,NA,NA,NA,NA,NA,NA,NA,NA,NA,NA,NA,NA,0.0257242309692027
69,"AI-XC",20131119122053,500,500,"NR","","","F",833400,10,10584470,"Y",46619,"ad biscects dc",NA,NA,NA,NA,NA,NA,NA,NA,NA,NA,NA,NA,NA,NA,NA,NA,NA,NA,NA,NA,0.182365289370839
70,"AI-XC",20131119122053,500,500,"NR","","","F",833906,10,10584476,"Y",46619,"reflexive property",NA,NA,NA,NA,NA,NA,NA,NA,NA,NA,NA,NA,NA,NA,NA,NA,NA,NA,NA,NA,0.0512787159207537
71,"AI-XC",20131119122053,500,500,"W","","","M",835581,10,10584485,"Y",46619,"side angle side",NA,NA,NA,NA,NA,NA,NA,NA,NA,NA,NA,NA,NA,NA,NA,NA,NA,NA,NA,NA,0.0693797049304126
72,"AI-XC",20131119122053,500,500,"H","N","N","M",835621,10,10584490,"Y",46619,"SSS Property",NA,NA,NA,NA,NA,NA,NA,NA,NA,NA,NA,NA,NA,NA,NA,NA,NA,NA,NA,NA,1
73,"AI-XC",20131119122053,500,500,"H","N","Y","F",835664,10,10584497,"Y",46619,"side-angle-side",NA,NA,NA,NA,NA,NA,NA,NA,NA,NA,NA,NA,NA,NA,NA,NA,NA,NA,NA,NA,0.0611878597577598
74,"AI-XC",20131119122053,500,500,"H","N","N","F",835667,10,10584505,"Y",46619,"sss",NA,NA,NA,NA,NA,NA,NA,NA,NA,NA,NA,NA,NA,NA,NA,NA,NA,NA,NA,NA,1
75,"AI-XC",20131119122053,500,500,"H","N","Y","F",835966,10,10584509,"Y",46619,"AAS",NA,NA,NA,NA,NA,NA,NA,NA,NA,NA,NA,NA,NA,NA,NA,NA,NA,NA,NA,NA,0.0736976616872224
76,"AI-XC",20131119122053,500,500,"H","N","N","M",836221,10,10584516,"Y",46619,"side.side.side.",NA,NA,NA,NA,NA,NA,NA,NA,NA,NA,NA,NA,NA,NA,NA,NA,NA,NA,NA,NA,1
77,"AI-XC",20131119122053,500,500,"H","N","Y","F",836471,10,10584524,"Y",46619,"sss",NA,NA,NA,NA,NA,NA,NA,NA,NA,NA,NA,NA,NA,NA,NA,NA,NA,NA,NA,NA,1
78,"AI-XC",20131119122053,500,500,"B","N","N","M",836476,10,10584530,"Y",46619,"sss",NA,NA,NA,NA,NA,NA,NA,NA,NA,NA,NA,NA,NA,NA,NA,NA,NA,NA,NA,NA,1
79,"AI-XC",20131119122053,500,500,"H","N","N","F",836958,10,10584535,"Y",46619,"Side-Side-Side",NA,NA,NA,NA,NA,NA,NA,NA,NA,NA,NA,NA,NA,NA,NA,NA,NA,NA,NA,NA,1
80,"AI-XC",20131119122053,500,500,"H","N","Y","F",836961,10,10584543,"Y",46619,"they both add up to 90 degrees",NA,NA,NA,NA,NA,NA,NA,NA,NA,NA,NA,NA,NA,NA,NA,NA,NA,NA,NA,NA,0.0339196293517401
81,"AI-XC",20131119122053,500,500,"NR","N","","F",837455,10,10584547,"Y",46619,"AD bisects the triangle in half equally.",NA,NA,NA,NA,NA,NA,NA,NA,NA,NA,NA,NA,NA,NA,NA,NA,NA,NA,NA,NA,0.0622394367135228
82,"AI-XC",20131119122053,500,500,"NR","N","","F",837496,10,10584554,"Y",46619,"They are congruent.",NA,NA,NA,NA,NA,NA,NA,NA,NA,NA,NA,NA,NA,NA,NA,NA,NA,NA,NA,NA,0.0604085627652289
83,"AI-XC",20131119122053,500,500,"NR","","","M",837532,10,10584564,"Y",46619,"prove",NA,NA,NA,NA,NA,NA,NA,NA,NA,NA,NA,NA,NA,NA,NA,NA,NA,NA,NA,NA,0.0595370700024427
84,"AI-XC",20131119122053,500,500,"NR","N","N","M",838883,10,10584568,"Y",46619,"idk",NA,NA,NA,NA,NA,NA,NA,NA,NA,NA,NA,NA,NA,NA,NA,NA,NA,NA,NA,NA,0.0762670191226275
85,"AI-XC",20131119122053,500,500,"W","","","F",838911,10,10584574,"Y",46619,"Triangles are congruent by Side Side Side",NA,NA,NA,NA,NA,NA,NA,NA,NA,NA,NA,NA,NA,NA,NA,NA,NA,NA,NA,NA,0.964184372342058
86,"AI-XC",20131119122053,500,500,"W","","","F",838913,10,10584578,"Y",46619,"SSS or side side congruence",NA,NA,NA,NA,NA,NA,NA,NA,NA,NA,NA,NA,NA,NA,NA,NA,NA,NA,NA,NA,1
87,"AI-XC",20131119122053,500,500,"NR","N","N","M",838967,10,10584593,"Y",46619,"side-side-side",NA,NA,NA,NA,NA,NA,NA,NA,NA,NA,NA,NA,NA,NA,NA,NA,NA,NA,NA,NA,1
88,"AI-XC",20131119122053,500,500,"H","N","Y","M",839632,10,10584600,"Y",46619,"That theres 2 seperate triangle",NA,NA,NA,NA,NA,NA,NA,NA,NA,NA,NA,NA,NA,NA,NA,NA,NA,NA,NA,NA,0.0629888183155533
89,"AI-XC",20131119122053,500,500,"W","N","N","F",839887,10,10584618,"Y",46619,"Line D is in the middle of this right triangle. so it creats 2 right angles, so they are equal.",NA,NA,NA,NA,NA,NA,NA,NA,NA,NA,NA,NA,NA,NA,NA,NA,NA,NA,NA,NA,0.0597862841788758
90,"AI-XC",20131119122053,500,500,"H","N","Y","F",839898,10,10584626,"Y",46619,"They are both in the same angle.",NA,NA,NA,NA,NA,NA,NA,NA,NA,NA,NA,NA,NA,NA,NA,NA,NA,NA,NA,NA,0.0423360850810192
91,"AI-XC",20131119122053,500,500,"2","N","N","F",839981,10,10584632,"Y",46619,"ASA",NA,NA,NA,NA,NA,NA,NA,NA,NA,NA,NA,NA,NA,NA,NA,NA,NA,NA,NA,NA,0.0357602603320316
92,"AI-XC",20131119122053,500,500,"W","N","N","M",840108,10,10584639,"Y",46619,"Both of the triangles are right triangles, therefore. they are equal.",NA,NA,NA,NA,NA,NA,NA,NA,NA,NA,NA,NA,NA,NA,NA,NA,NA,NA,NA,NA,0.111093371168337
93,"AI-XC",20131119122053,500,500,"W","N","N","M",840508,10,10584655,"Y",46619,"They all make the same length and a they all make an L shape.",NA,NA,NA,NA,NA,NA,NA,NA,NA,NA,NA,NA,NA,NA,NA,NA,NA,NA,NA,NA,0.026468955016796
94,"AI-XC",20131119122053,500,500,"H","","Y","M",840573,10,10584666,"Y",46619,"it is the same triangle",NA,NA,NA,NA,NA,NA,NA,NA,NA,NA,NA,NA,NA,NA,NA,NA,NA,NA,NA,NA,0.0427592516568232
95,"AI-XC",20131119122053,500,500,"W","","","F",840675,10,10584670,"Y",46619,"they are the same angles",NA,NA,NA,NA,NA,NA,NA,NA,NA,NA,NA,NA,NA,NA,NA,NA,NA,NA,NA,NA,0.0397806906565973
96,"AI-XC",20131119122053,500,500,"W","","","F",840823,10,10584679,"Y",46619,"they are equal.",NA,NA,NA,NA,NA,NA,NA,NA,NA,NA,NA,NA,NA,NA,NA,NA,NA,NA,NA,NA,0.0479565565377548
97,"AI-XC",20131119122053,500,500,"NR","","","M",841835,10,10584696,"Y",46619,"Side Side Side congruency",NA,NA,NA,NA,NA,NA,NA,NA,NA,NA,NA,NA,NA,NA,NA,NA,NA,NA,NA,NA,1
98,"AI-XC",20131119122053,500,500,"NR","","","F",841837,10,10584704,"Y",46619,"We know that segment AB and segment AC are congruent. Because they are congruent, and it is bisected straight down the middle, we know now that these two triangles are evenly split in half, making them congruent.",NA,NA,NA,NA,NA,NA,NA,NA,NA,NA,NA,NA,NA,NA,NA,NA,NA,NA,NA,NA,0.386890761877979
99,"AI-XC",20131119122053,500,500,"NR","","","M",841883,10,10584709,"Y",46619,"they are both the same width height and length",NA,NA,NA,NA,NA,NA,NA,NA,NA,NA,NA,NA,NA,NA,NA,NA,NA,NA,NA,NA,0.0267226238437516
100,"AI-XC",20131119122053,500,500,"NR","","","F",841885,10,10584714,"Y",46619,"it is the same shape",NA,NA,NA,NA,NA,NA,NA,NA,NA,NA,NA,NA,NA,NA,NA,NA,NA,NA,NA,NA,0.0429552062441668
101,"AI-XC",20131119122053,500,500,"B","","","M",845024,10,10584720,"Y",46619,"Triangle ABD is congruent too triangle ACD because, the leg & hypotenuse are congruent to eachother like AB is congruent to AC, BD is congruent to DC, & line AD is a leg on both triangles.",NA,NA,NA,NA,NA,NA,NA,NA,NA,NA,NA,NA,NA,NA,NA,NA,NA,NA,NA,NA,0.935196650054271
102,"AI-XC",20131119122053,500,500,"NR","","","F",845135,10,10584742,"Y",46619,"If AB and AC are equal to each other, the triangles are teh same.",NA,NA,NA,NA,NA,NA,NA,NA,NA,NA,NA,NA,NA,NA,NA,NA,NA,NA,NA,NA,0.173604157944504
103,"AI-XC",20131119122053,500,500,"NR","","","F",845138,10,10584745,"Y",46619,"BD = BC, and AB = AC",NA,NA,NA,NA,NA,NA,NA,NA,NA,NA,NA,NA,NA,NA,NA,NA,NA,NA,NA,NA,0.266718724502094
104,"AI-XC",20131119122053,500,500,"W","","","M",845221,10,10584749,"Y",46619,"I have no idea.",NA,NA,NA,NA,NA,NA,NA,NA,NA,NA,NA,NA,NA,NA,NA,NA,NA,NA,NA,NA,0.0801852375780364
105,"AI-XC",20131119122053,500,500,"NR","","","M",845351,10,10584754,"Y",46619,"reflexive property",NA,NA,NA,NA,NA,NA,NA,NA,NA,NA,NA,NA,NA,NA,NA,NA,NA,NA,NA,NA,0.0512787159207537
106,"AI-XC",20131119122053,500,500,"H","N","N","M",845401,10,10584759,"Y",46619,"All sides are equal.",NA,NA,NA,NA,NA,NA,NA,NA,NA,NA,NA,NA,NA,NA,NA,NA,NA,NA,NA,NA,0.0725651073768557
107,"AI-XC",20131119122053,500,500,"H","N","Y","F",845503,10,10584784,"Y",46619,"reflexive property of addition",NA,NA,NA,NA,NA,NA,NA,NA,NA,NA,NA,NA,NA,NA,NA,NA,NA,NA,NA,NA,0.040677873186473
108,"AI-XC",20131119122053,500,500,"H","N","N","F",845523,10,10584788,"Y",46619,"reflexive property",NA,NA,NA,NA,NA,NA,NA,NA,NA,NA,NA,NA,NA,NA,NA,NA,NA,NA,NA,NA,0.0512787159207537
109,"AI-XC",20131119122053,500,500,"H","N","N","M",845530,10,10584792,"Y",46619,"cogruent",NA,NA,NA,NA,NA,NA,NA,NA,NA,NA,NA,NA,NA,NA,NA,NA,NA,NA,NA,NA,0.0533680187184802
110,"AI-XC",20131119122053,500,500,"B","N","N","F",846030,10,10584797,"Y",46619,"CPCTC",NA,NA,NA,NA,NA,NA,NA,NA,NA,NA,NA,NA,NA,NA,NA,NA,NA,NA,NA,NA,1
111,"AI-XC",20131119122053,500,500,"B","N","N","M",846436,10,10584805,"Y",46619,"both abd and acd make triangles",NA,NA,NA,NA,NA,NA,NA,NA,NA,NA,NA,NA,NA,NA,NA,NA,NA,NA,NA,NA,0.0509206979920371
112,"AI-XC",20131119122053,500,500,"H","Y","N","M",846449,10,10584809,"Y",46619,"Both are the same .",NA,NA,NA,NA,NA,NA,NA,NA,NA,NA,NA,NA,NA,NA,NA,NA,NA,NA,NA,NA,0.0388626121278729
113,"AI-XC",20131119122053,500,500,"B","N","N","M",846537,10,10584814,"Y",46619,"addition property",NA,NA,NA,NA,NA,NA,NA,NA,NA,NA,NA,NA,NA,NA,NA,NA,NA,NA,NA,NA,0.0389468748521403
114,"AI-XC",20131119122053,500,500,"NR","","","F",846544,10,10584820,"Y",46619,"It's congruent.",NA,NA,NA,NA,NA,NA,NA,NA,NA,NA,NA,NA,NA,NA,NA,NA,NA,NA,NA,NA,0.0752212280610315
115,"AI-XC",20131119122053,500,500,"NR","","","M",846552,10,10584842,"Y",46619,"because they are the same lines",NA,NA,NA,NA,NA,NA,NA,NA,NA,NA,NA,NA,NA,NA,NA,NA,NA,NA,NA,NA,0.0276703893635042
116,"AI-XC",20131119122053,500,500,"H","N","Y","M",846557,10,10584845,"Y",46619,"D",NA,NA,NA,NA,NA,NA,NA,NA,NA,NA,NA,NA,NA,NA,NA,NA,NA,NA,NA,NA,0.106973809997253
117,"AI-XC",20131119122053,500,500,"NR","","","M",846591,10,10584849,"Y",46619,"Because they are the same triangles in every way",NA,NA,NA,NA,NA,NA,NA,NA,NA,NA,NA,NA,NA,NA,NA,NA,NA,NA,NA,NA,0.0348678423047883
118,"AI-XC",20131119122053,500,500,"H","Y","Y","M",846608,10,10584855,"Y",46619,"given",NA,NA,NA,NA,NA,NA,NA,NA,NA,NA,NA,NA,NA,NA,NA,NA,NA,NA,NA,NA,0.0546528829581568
119,"AI-XC",20131119122053,500,500,"NR","","","M",846634,10,10584867,"Y",46619,"i dont know",NA,NA,NA,NA,NA,NA,NA,NA,NA,NA,NA,NA,NA,NA,NA,NA,NA,NA,NA,NA,0.0529604003512519
120,"AI-XC",20131119122053,500,500,"NR","","","M",846677,10,10584872,"Y",46619,"AB is congruent to AC, AD bisects at the midpoint of BC at a 90 degree angle and the reflexive property also helps the reason that they are congruent",NA,NA,NA,NA,NA,NA,NA,NA,NA,NA,NA,NA,NA,NA,NA,NA,NA,NA,NA,NA,0.553541688679229
121,"AI-XC",20131119122053,500,500,"B","Y","N","M",846884,10,10584877,"Y",46619,"the same shape both ways",NA,NA,NA,NA,NA,NA,NA,NA,NA,NA,NA,NA,NA,NA,NA,NA,NA,NA,NA,NA,0.0616500972885484
122,"AI-XC",20131119122053,500,500,"H","N","Y","M",847008,10,10584888,"Y",46619,"UMM 1+3=b/c",NA,NA,NA,NA,NA,NA,NA,NA,NA,NA,NA,NA,NA,NA,NA,NA,NA,NA,NA,NA,0.056989526536204
123,"AI-XC",20131119122053,500,500,"H","N","N","F",847015,10,10584893,"Y",46619,"communative property",NA,NA,NA,NA,NA,NA,NA,NA,NA,NA,NA,NA,NA,NA,NA,NA,NA,NA,NA,NA,0.0465102478744015
124,"AI-XC",20131119122053,500,500,"H","N","Y","M",847280,10,10584897,"Y",46619,"congruent triagles",NA,NA,NA,NA,NA,NA,NA,NA,NA,NA,NA,NA,NA,NA,NA,NA,NA,NA,NA,NA,0.0551485510048508
125,"AI-XC",20131119122053,500,500,"H","N","Y","F",847815,10,10584922,"Y",46619,"segment BD is congruent to segment DC",NA,NA,NA,NA,NA,NA,NA,NA,NA,NA,NA,NA,NA,NA,NA,NA,NA,NA,NA,NA,0.206009162168829
126,"AI-XC",20131119122053,500,500,"H","N","N","F",847850,10,10584925,"Y",46619,"reflexive property",NA,NA,NA,NA,NA,NA,NA,NA,NA,NA,NA,NA,NA,NA,NA,NA,NA,NA,NA,NA,0.0512787159207537
127,"AI-XC",20131119122053,500,500,"H","N","Y","F",847856,10,10584928,"Y",46619,"AA similartiy",NA,NA,NA,NA,NA,NA,NA,NA,NA,NA,NA,NA,NA,NA,NA,NA,NA,NA,NA,NA,0.0557268008137324
128,"AI-XC",20131119122053,500,500,"W","N","N","F",847890,10,10584932,"Y",46619,"ghh",NA,NA,NA,NA,NA,NA,NA,NA,NA,NA,NA,NA,NA,NA,NA,NA,NA,NA,NA,NA,0.0637084252231642
129,"AI-XC",20131119122053,500,500,"P","N","N","M",847926,10,10584936,"Y",46619,"SSS congruence postulate",NA,NA,NA,NA,NA,NA,NA,NA,NA,NA,NA,NA,NA,NA,NA,NA,NA,NA,NA,NA,1
130,"AI-XC",20131119122053,500,500,"W","N","N","M",847983,10,10584962,"Y",46619,"SSS",NA,NA,NA,NA,NA,NA,NA,NA,NA,NA,NA,NA,NA,NA,NA,NA,NA,NA,NA,NA,1
131,"AI-XC",20131119122053,500,500,"W","N","N","F",848059,10,10584965,"Y",46619,"the mathamatic equation",NA,NA,NA,NA,NA,NA,NA,NA,NA,NA,NA,NA,NA,NA,NA,NA,NA,NA,NA,NA,0.0462723200298513
132,"AI-XC",20131119122053,500,500,"H","N","N","M",848249,10,10584968,"Y",46619,"the sas prostulate",NA,NA,NA,NA,NA,NA,NA,NA,NA,NA,NA,NA,NA,NA,NA,NA,NA,NA,NA,NA,0.116741793521565
133,"AI-XC",20131119122053,500,500,"H","N","N","M",848254,10,10584973,"Y",46619,"both are similar to each other",NA,NA,NA,NA,NA,NA,NA,NA,NA,NA,NA,NA,NA,NA,NA,NA,NA,NA,NA,NA,0.0509407730031312
134,"AI-XC",20131119122053,500,500,"W","N","N","F",848417,10,10584978,"Y",46619,"asa",NA,NA,NA,NA,NA,NA,NA,NA,NA,NA,NA,NA,NA,NA,NA,NA,NA,NA,NA,NA,0.0357602603320316
135,"AI-XC",20131119122053,500,500,"H","N","N","F",848514,10,10585007,"Y",46619,"SAS",NA,NA,NA,NA,NA,NA,NA,NA,NA,NA,NA,NA,NA,NA,NA,NA,NA,NA,NA,NA,0.066434967674774
136,"AI-XC",20131119122053,500,500,"A","N","N","F",848520,10,10585011,"Y",46619,"reflexive property",NA,NA,NA,NA,NA,NA,NA,NA,NA,NA,NA,NA,NA,NA,NA,NA,NA,NA,NA,NA,0.0512787159207537
137,"AI-XC",20131119122053,500,500,"H","N","Y","F",848556,10,10585013,"Y",46619,"Triangle ABD is Congruent to Triangle ACD.",NA,NA,NA,NA,NA,NA,NA,NA,NA,NA,NA,NA,NA,NA,NA,NA,NA,NA,NA,NA,0.0486575834780325
138,"AI-XC",20131119122053,500,500,"B","N","N","F",848562,10,10585019,"Y",46619,"they are the same lengths and sizes",NA,NA,NA,NA,NA,NA,NA,NA,NA,NA,NA,NA,NA,NA,NA,NA,NA,NA,NA,NA,0.0198539213435431
139,"AI-XC",20131119122053,500,500,"W","N","","M",848589,10,10585048,"Y",46619,"they are the same size and length",NA,NA,NA,NA,NA,NA,NA,NA,NA,NA,NA,NA,NA,NA,NA,NA,NA,NA,NA,NA,0.0247856055773845
140,"AI-XC",20131119122053,500,500,"W","N","N","M",848734,10,10585055,"Y",46619,"Because AB is congruent to AC and AD Bisects BC",NA,NA,NA,NA,NA,NA,NA,NA,NA,NA,NA,NA,NA,NA,NA,NA,NA,NA,NA,NA,0.0633924425577754
141,"AI-XC",20131119122053,500,500,"A","N","N","M",848809,10,10585081,"Y",46619,"Reflexive property",NA,NA,NA,NA,NA,NA,NA,NA,NA,NA,NA,NA,NA,NA,NA,NA,NA,NA,NA,NA,0.0512787159207537
142,"AI-XC",20131119122053,500,500,"W","","","F",848914,10,10585083,"Y",46619,"AD is congruent to AD",NA,NA,NA,NA,NA,NA,NA,NA,NA,NA,NA,NA,NA,NA,NA,NA,NA,NA,NA,NA,0.0389864281050112
143,"AI-XC",20131119122053,500,500,"W","","","F",848924,10,10585087,"Y",46619,"Congruent triangles",NA,NA,NA,NA,NA,NA,NA,NA,NA,NA,NA,NA,NA,NA,NA,NA,NA,NA,NA,NA,0.0710101203195655
144,"AI-XC",20131119122053,500,500,"W","Y","","F",848951,10,10585092,"Y",46619,"All sides congruent",NA,NA,NA,NA,NA,NA,NA,NA,NA,NA,NA,NA,NA,NA,NA,NA,NA,NA,NA,NA,0.0677129164485952
145,"AI-XC",20131119122053,500,500,"H","N","Y","M",848955,10,10585098,"Y",46619,"same size triangle",NA,NA,NA,NA,NA,NA,NA,NA,NA,NA,NA,NA,NA,NA,NA,NA,NA,NA,NA,NA,0.0503901069140703
146,"AI-XC",20131119122053,500,500,"W","","","M",849062,10,10585129,"Y",46619,"i dont know",NA,NA,NA,NA,NA,NA,NA,NA,NA,NA,NA,NA,NA,NA,NA,NA,NA,NA,NA,NA,0.0529604003512519
147,"AI-XC",20131119122053,500,500,"W","","","M",849247,10,10585136,"Y",46619,"becuse it shows the communitve property",NA,NA,NA,NA,NA,NA,NA,NA,NA,NA,NA,NA,NA,NA,NA,NA,NA,NA,NA,NA,0.0579424644839398
148,"AI-XC",20131119122053,500,500,"NR","","","M",849467,10,10585163,"Y",46619,"If BD=DC and AB=AC, and AD is a common side, then ABD=ACD",NA,NA,NA,NA,NA,NA,NA,NA,NA,NA,NA,NA,NA,NA,NA,NA,NA,NA,NA,NA,0.788023550425392
149,"AI-XC",20131119122053,500,500,"W","","N","M",849733,10,10585167,"Y",46619,"side side side",NA,NA,NA,NA,NA,NA,NA,NA,NA,NA,NA,NA,NA,NA,NA,NA,NA,NA,NA,NA,1
150,"AI-XC",20131119122053,500,500,"I","","","F",849759,10,10585172,"Y",46619,"given",NA,NA,NA,NA,NA,NA,NA,NA,NA,NA,NA,NA,NA,NA,NA,NA,NA,NA,NA,NA,0.0546528829581568
151,"AI-XC",20131119122053,500,500,"A","N","N","F",849973,10,10585177,"Y",46619,"SAS theorem supports the conclusion, since DC=BD, AB=AC, and angle B=angle C with isosceles angle theorem.",NA,NA,NA,NA,NA,NA,NA,NA,NA,NA,NA,NA,NA,NA,NA,NA,NA,NA,NA,NA,0.66567908839909
152,"AI-XC",20131119122053,500,500,"A","N","N","M",850126,10,10585209,"Y",46619,"SSS congruence theorem",NA,NA,NA,NA,NA,NA,NA,NA,NA,NA,NA,NA,NA,NA,NA,NA,NA,NA,NA,NA,1
153,"AI-XC",20131119122053,500,500,"NR","","","F",850137,10,10585213,"Y",46619,"prove",NA,NA,NA,NA,NA,NA,NA,NA,NA,NA,NA,NA,NA,NA,NA,NA,NA,NA,NA,NA,0.0595370700024427
154,"AI-XC",20131119122053,500,500,"A","N","N","F",850230,10,10585220,"Y",46619,"SAS Congruence",NA,NA,NA,NA,NA,NA,NA,NA,NA,NA,NA,NA,NA,NA,NA,NA,NA,NA,NA,NA,0.0405446905676041
155,"AI-XC",20131119122053,500,500,"W","N","N","F",850415,10,10585248,"Y",46619,"Congruent parts of congruaent triangles are congruent",NA,NA,NA,NA,NA,NA,NA,NA,NA,NA,NA,NA,NA,NA,NA,NA,NA,NA,NA,NA,0.169079109737266
156,"AI-XC",20131119122053,500,500,"W","","N","F",850424,10,10585258,"Y",46619,"Line AC and line AB are congruent. Line AD biscets line BC at the mid point D",NA,NA,NA,NA,NA,NA,NA,NA,NA,NA,NA,NA,NA,NA,NA,NA,NA,NA,NA,NA,0.113986865832487
157,"AI-XC",20131119122053,500,500,"W","N","N","M",851220,10,10585301,"Y",46619,"property of equality",NA,NA,NA,NA,NA,NA,NA,NA,NA,NA,NA,NA,NA,NA,NA,NA,NA,NA,NA,NA,0.0449847086360347
158,"AI-XC",20131119122053,500,500,"H","","","F",851752,10,10585305,"Y",46619,"Proven",NA,NA,NA,NA,NA,NA,NA,NA,NA,NA,NA,NA,NA,NA,NA,NA,NA,NA,NA,NA,0.0472264760839889
159,"AI-XC",20131119122053,500,500,"NR","N","N","F",851774,10,10585314,"Y",46619,"HL theorem",NA,NA,NA,NA,NA,NA,NA,NA,NA,NA,NA,NA,NA,NA,NA,NA,NA,NA,NA,NA,0.0605151667697733
160,"AI-XC",20131119122053,500,500,"P","","","M",852110,10,10585361,"Y",46619,"hi",NA,NA,NA,NA,NA,NA,NA,NA,NA,NA,NA,NA,NA,NA,NA,NA,NA,NA,NA,NA,0.11918102785371
161,"AI-XC",20131119122053,500,500,"P","","","F",852204,10,10585461,"Y",46619,"One Triangle",NA,NA,NA,NA,NA,NA,NA,NA,NA,NA,NA,NA,NA,NA,NA,NA,NA,NA,NA,NA,0.0660007153016911
162,"AI-XC",20131119122053,500,500,"W","N","N","M",852419,10,10585466,"Y",46619,"the two angles are congruent and equal to each other",NA,NA,NA,NA,NA,NA,NA,NA,NA,NA,NA,NA,NA,NA,NA,NA,NA,NA,NA,NA,0.0581807637115087
163,"AI-XC",20131119122053,500,500,"NR","","","M",852454,10,10585473,"Y",46619,"because of the reflexive property and ad bisects bc",NA,NA,NA,NA,NA,NA,NA,NA,NA,NA,NA,NA,NA,NA,NA,NA,NA,NA,NA,NA,0.0570820723882576
164,"AI-XC",20131119122053,500,500,"W","Y","N","M",853049,10,10585521,"Y",46619,"bisects",NA,NA,NA,NA,NA,NA,NA,NA,NA,NA,NA,NA,NA,NA,NA,NA,NA,NA,NA,NA,0.0718613859021647
165,"AI-XC",20131119122053,500,500,"W","","","M",853162,10,10585526,"Y",46619,"Reflexive property.",NA,NA,NA,NA,NA,NA,NA,NA,NA,NA,NA,NA,NA,NA,NA,NA,NA,NA,NA,NA,0.0513387487601877
166,"AI-XC",20131119122053,500,500,"W","N","N","M",853451,10,10585533,"Y",46619,"reflexive property",NA,NA,NA,NA,NA,NA,NA,NA,NA,NA,NA,NA,NA,NA,NA,NA,NA,NA,NA,NA,0.0512787159207537
167,"AI-XC",20131119122053,500,500,"W","N","N","F",854132,10,10585572,"Y",46619,"Triangle Addition Property",NA,NA,NA,NA,NA,NA,NA,NA,NA,NA,NA,NA,NA,NA,NA,NA,NA,NA,NA,NA,0.0337969453609254
168,"AI-XC",20131119122053,500,500,"W","N","","M",854854,10,10585578,"Y",46619,"sss congruency",NA,NA,NA,NA,NA,NA,NA,NA,NA,NA,NA,NA,NA,NA,NA,NA,NA,NA,NA,NA,1
169,"AI-XC",20131119122053,500,500,"W","N","","M",856353,10,10585615,"Y",46619,"Side,Side,Side",NA,NA,NA,NA,NA,NA,NA,NA,NA,NA,NA,NA,NA,NA,NA,NA,NA,NA,NA,NA,1
170,"AI-XC",20131119122053,500,500,"B","","","F",856441,10,10585655,"Y",46619,"Triangle ABD is congruent to triangle ACD.",NA,NA,NA,NA,NA,NA,NA,NA,NA,NA,NA,NA,NA,NA,NA,NA,NA,NA,NA,NA,0.0486575834780325
171,"AI-XC",20131119122053,500,500,"B","","","M",856849,10,10585696,"Y",46619,"it is a Given property",NA,NA,NA,NA,NA,NA,NA,NA,NA,NA,NA,NA,NA,NA,NA,NA,NA,NA,NA,NA,0.0428238301495328
172,"AI-XC",20131119122053,500,500,"W","","","F",856901,10,10585729,"Y",46619,"The triangles are symmetrical.",NA,NA,NA,NA,NA,NA,NA,NA,NA,NA,NA,NA,NA,NA,NA,NA,NA,NA,NA,NA,0.0594578343014389
173,"AI-XC",20131119122053,500,500,"W","","","F",857526,10,10585735,"Y",46619,"Triangle Congruency Theorem",NA,NA,NA,NA,NA,NA,NA,NA,NA,NA,NA,NA,NA,NA,NA,NA,NA,NA,NA,NA,0.0701779445158263
174,"AI-XC",20131119122053,500,500,"I","","N","M",858005,10,10585769,"Y",46619,"AD bisects BC",NA,NA,NA,NA,NA,NA,NA,NA,NA,NA,NA,NA,NA,NA,NA,NA,NA,NA,NA,NA,0.0533220947987292
175,"AI-XC",20131119122053,500,500,"W","N","N","F",858092,10,10585775,"Y",46619,"Congruant",NA,NA,NA,NA,NA,NA,NA,NA,NA,NA,NA,NA,NA,NA,NA,NA,NA,NA,NA,NA,0.0501376845360737
176,"AI-XC",20131119122053,500,500,"W","N","N","M",858327,10,10585804,"Y",46619,"ab and ac are congruent",NA,NA,NA,NA,NA,NA,NA,NA,NA,NA,NA,NA,NA,NA,NA,NA,NA,NA,NA,NA,0.0809893370246534
177,"AI-XC",20131119122053,500,500,"W","","","M",858551,10,10585808,"Y",46619,"perpindicular bisector property",NA,NA,NA,NA,NA,NA,NA,NA,NA,NA,NA,NA,NA,NA,NA,NA,NA,NA,NA,NA,0.044143423749439
178,"AI-XC",20131119122053,500,500,"NR","N","","M",858647,10,10585814,"Y",46619,"They are both congruent.",NA,NA,NA,NA,NA,NA,NA,NA,NA,NA,NA,NA,NA,NA,NA,NA,NA,NA,NA,NA,0.0456912045933547
179,"AI-XC",20131119122053,500,500,"W","N","N","F",858893,10,10585820,"Y",46619,"Given",NA,NA,NA,NA,NA,NA,NA,NA,NA,NA,NA,NA,NA,NA,NA,NA,NA,NA,NA,NA,0.0546528829581568
180,"AI-XC",20131119122053,500,500,"W","N","N","M",858896,10,10585868,"Y",46619,"SSA",NA,NA,NA,NA,NA,NA,NA,NA,NA,NA,NA,NA,NA,NA,NA,NA,NA,NA,NA,NA,0.0972186657986953
181,"AI-XC",20131119122053,500,500,"A","N","N","M",859640,10,10585874,"Y",46619,"If AB is similiar or equal to AC and AD is the same for both due to the reflexsive property and BD is similiar or equal to DC then the two triangles are congruent.",NA,NA,NA,NA,NA,NA,NA,NA,NA,NA,NA,NA,NA,NA,NA,NA,NA,NA,NA,NA,0.930417510943306
182,"AI-XC",20131119122053,500,500,"H","N","Y","M",860088,10,10585903,"Y",46619,"asa",NA,NA,NA,NA,NA,NA,NA,NA,NA,NA,NA,NA,NA,NA,NA,NA,NA,NA,NA,NA,0.0357602603320316
183,"AI-XC",20131119122053,500,500,"H","N","N","M",860143,10,10585907,"Y",46619,"congruent",NA,NA,NA,NA,NA,NA,NA,NA,NA,NA,NA,NA,NA,NA,NA,NA,NA,NA,NA,NA,0.0578895422650903
184,"AI-XC",20131119122053,500,500,"H","N","N","F",860153,10,10585912,"Y",46619,"They are congruent because of SSS.",NA,NA,NA,NA,NA,NA,NA,NA,NA,NA,NA,NA,NA,NA,NA,NA,NA,NA,NA,NA,1
185,"AI-XC",20131119122053,500,500,"H","N","Y","M",860567,10,10585918,"Y",46619,"side-side-side three sides are given of two triangles that are equaal which makes the two triangles equal to each other",NA,NA,NA,NA,NA,NA,NA,NA,NA,NA,NA,NA,NA,NA,NA,NA,NA,NA,NA,NA,0.979911196936251
186,"AI-XC",20131119122053,500,500,"H","N","Y","F",860611,10,10585952,"Y",46619,"sss",NA,NA,NA,NA,NA,NA,NA,NA,NA,NA,NA,NA,NA,NA,NA,NA,NA,NA,NA,NA,1
187,"AI-XC",20131119122053,500,500,"W","N","N","M",861089,10,10585958,"Y",46619,"Because Lines BD and DC are congruent. AB and AC are congruent. And AD is the bisectator.",NA,NA,NA,NA,NA,NA,NA,NA,NA,NA,NA,NA,NA,NA,NA,NA,NA,NA,NA,NA,0.617313840952455
188,"AI-XC",20131119122053,500,500,"W","N","N","F",861227,10,10585988,"Y",46619,"side side side",NA,NA,NA,NA,NA,NA,NA,NA,NA,NA,NA,NA,NA,NA,NA,NA,NA,NA,NA,NA,1
189,"AI-XC",20131119122053,500,500,"B","N","N","M",861360,10,10585993,"Y",46619,"Reflexive property",NA,NA,NA,NA,NA,NA,NA,NA,NA,NA,NA,NA,NA,NA,NA,NA,NA,NA,NA,NA,0.0512787159207537
190,"AI-XC",20131119122053,500,500,"A","","N","M",861720,10,10585999,"Y",46619,"The reason that supports this conclusion for ABD and ACD is that ABD is one side of the triangle and ACD is the other halve of the triangle, and when connected it will become one whole triangle.  That's why they are the same and also since they share D towards the end.",NA,NA,NA,NA,NA,NA,NA,NA,NA,NA,NA,NA,NA,NA,NA,NA,NA,NA,NA,NA,0.169753850166526
191,"AI-XC",20131119122053,500,500,"A","N","N","F",861964,10,10586026,"Y",46619,"commutative property",NA,NA,NA,NA,NA,NA,NA,NA,NA,NA,NA,NA,NA,NA,NA,NA,NA,NA,NA,NA,0.0529044556094647
192,"AI-XC",20131119122053,500,500,"H","N","Y","F",863272,10,10586031,"Y",46619,"ASA",NA,NA,NA,NA,NA,NA,NA,NA,NA,NA,NA,NA,NA,NA,NA,NA,NA,NA,NA,NA,0.0357602603320316
193,"AI-XC",20131119122053,500,500,"H","N","Y","M",863431,10,10586038,"Y",46619,"bisects",NA,NA,NA,NA,NA,NA,NA,NA,NA,NA,NA,NA,NA,NA,NA,NA,NA,NA,NA,NA,0.0718613859021647
194,"AI-XC",20131119122053,500,500,"H","N","Y","F",863475,10,10586069,"Y",46619,"Given",NA,NA,NA,NA,NA,NA,NA,NA,NA,NA,NA,NA,NA,NA,NA,NA,NA,NA,NA,NA,0.0546528829581568
195,"AI-XC",20131119122053,500,500,"A","N","N","M",863884,10,10586074,"Y",46619,"SSS",NA,NA,NA,NA,NA,NA,NA,NA,NA,NA,NA,NA,NA,NA,NA,NA,NA,NA,NA,NA,1
196,"AI-XC",20131119122053,500,500,"P","N","Y","F",863969,10,10586152,"Y",46619,"SAS",NA,NA,NA,NA,NA,NA,NA,NA,NA,NA,NA,NA,NA,NA,NA,NA,NA,NA,NA,NA,0.066434967674774
197,"AI-XC",20131119122053,500,500,"A","N","N","F",864597,10,10586159,"Y",46619,"Congruent angles",NA,NA,NA,NA,NA,NA,NA,NA,NA,NA,NA,NA,NA,NA,NA,NA,NA,NA,NA,NA,0.0479671575002795
198,"AI-XC",20131119122053,500,500,"A","N","N","F",864605,10,10586190,"Y",46619,"congruent triangles",NA,NA,NA,NA,NA,NA,NA,NA,NA,NA,NA,NA,NA,NA,NA,NA,NA,NA,NA,NA,0.0710101203195655
199,"AI-XC",20131119122053,500,500,"A","N","N","F",864823,10,10586196,"Y",46619,"reflexive property",NA,NA,NA,NA,NA,NA,NA,NA,NA,NA,NA,NA,NA,NA,NA,NA,NA,NA,NA,NA,0.0512787159207537
200,"AI-XC",20131119122053,500,500,"W","N","N","F",864824,10,10586223,"Y",46619,"Triangle ABD is congruent to triangle ACD because they are parallel.",NA,NA,NA,NA,NA,NA,NA,NA,NA,NA,NA,NA,NA,NA,NA,NA,NA,NA,NA,NA,0.0505272693175443
201,"AI-XC",20131119122053,500,500,"W","N","N","F",864987,10,10586228,"Y",46619,"reflective property",NA,NA,NA,NA,NA,NA,NA,NA,NA,NA,NA,NA,NA,NA,NA,NA,NA,NA,NA,NA,0.0518198445931381
202,"AI-XC",20131119122053,500,500,"W","N","N","M",865079,10,10586232,"Y",46619,"because they are like reflections nd they all are the same distance",NA,NA,NA,NA,NA,NA,NA,NA,NA,NA,NA,NA,NA,NA,NA,NA,NA,NA,NA,NA,0.0311046228398729
203,"AI-XC",20131119122053,500,500,"NR","","","M",865312,10,10586237,"Y",46619,"SSS",NA,NA,NA,NA,NA,NA,NA,NA,NA,NA,NA,NA,NA,NA,NA,NA,NA,NA,NA,NA,1
204,"AI-XC",20131119122053,500,500,"W","N","N","F",865361,10,10586265,"Y",46619,"segment postulate",NA,NA,NA,NA,NA,NA,NA,NA,NA,NA,NA,NA,NA,NA,NA,NA,NA,NA,NA,NA,0.185540991940305
205,"AI-XC",20131119122053,500,500,"W","N","N","M",869852,10,10586270,"Y",46619,"no",NA,NA,NA,NA,NA,NA,NA,NA,NA,NA,NA,NA,NA,NA,NA,NA,NA,NA,NA,NA,0.112947459904938
206,"AI-XC",20131119122053,500,500,"W","","","F",870150,10,10586275,"Y",46619,"bisectors",NA,NA,NA,NA,NA,NA,NA,NA,NA,NA,NA,NA,NA,NA,NA,NA,NA,NA,NA,NA,0.0675747311978087
207,"AI-XC",20131119122053,500,500,"W","","","M",870195,10,10586310,"Y",46619,"similar",NA,NA,NA,NA,NA,NA,NA,NA,NA,NA,NA,NA,NA,NA,NA,NA,NA,NA,NA,NA,0.0757835222684856
208,"AI-XC",20131119122053,500,500,"W","N","N","M",871199,10,10586318,"Y",46619,"Transitive Property",NA,NA,NA,NA,NA,NA,NA,NA,NA,NA,NA,NA,NA,NA,NA,NA,NA,NA,NA,NA,0.0456084627906029
209,"AI-XC",20131119122053,500,500,"H","Y","Y","M",871300,10,10586361,"Y",46619,"ABD are the diffrent from ACD",NA,NA,NA,NA,NA,NA,NA,NA,NA,NA,NA,NA,NA,NA,NA,NA,NA,NA,NA,NA,0.0411009488303354
210,"AI-XC",20131119122053,500,500,"H","N","N","M",880659,10,10586363,"Y",46619,"cuz da swag cool yo",NA,NA,NA,NA,NA,NA,NA,NA,NA,NA,NA,NA,NA,NA,NA,NA,NA,NA,NA,NA,0.0507616901847784
211,"AI-XC",20131119122053,500,500,"W","N","N","F",881417,10,10586367,"Y",46619,"SSA",NA,NA,NA,NA,NA,NA,NA,NA,NA,NA,NA,NA,NA,NA,NA,NA,NA,NA,NA,NA,0.0972186657986953
212,"AI-XC",20131119122053,500,500,"W","N","N","M",881464,10,10586372,"Y",46619,"they are a reflection of each other both are measured equal",NA,NA,NA,NA,NA,NA,NA,NA,NA,NA,NA,NA,NA,NA,NA,NA,NA,NA,NA,NA,0.0569284648145037
213,"AI-XC",20131119122053,500,500,"W","N","N","F",881592,10,10586379,"Y",46619,"AD bisects BC",NA,NA,NA,NA,NA,NA,NA,NA,NA,NA,NA,NA,NA,NA,NA,NA,NA,NA,NA,NA,0.0533220947987292
214,"AI-XC",20131119122053,500,500,"H","N","Y","F",881776,10,10586422,"Y",46619,"h",NA,NA,NA,NA,NA,NA,NA,NA,NA,NA,NA,NA,NA,NA,NA,NA,NA,NA,NA,NA,0.0924489243136423
215,"AI-XC",20131119122053,500,500,"H","N","N","F",881803,10,10586424,"Y",46619,"angle-side-angle",NA,NA,NA,NA,NA,NA,NA,NA,NA,NA,NA,NA,NA,NA,NA,NA,NA,NA,NA,NA,0.0625269293013154
216,"AI-XC",20131119122053,500,500,"H","N","N","F",881820,10,10586428,"Y",46619,"reflexion property",NA,NA,NA,NA,NA,NA,NA,NA,NA,NA,NA,NA,NA,NA,NA,NA,NA,NA,NA,NA,0.044147963555652
217,"AI-XC",20131119122053,500,500,"W","N","","M",881892,10,10586433,"Y",46619,"Segment AB being congruent to segment AC and segment AD is the same as segment AD due to the reflexive property shows that angles BDA and angle CDA are congruent and the triangles are congruent due to the side-side-angle property",NA,NA,NA,NA,NA,NA,NA,NA,NA,NA,NA,NA,NA,NA,NA,NA,NA,NA,NA,NA,0.795672316695269
218,"AI-XC",20131119122053,500,500,"W","","","M",881911,10,10586440,"Y",46619,"its a triangle with dotes that conect",NA,NA,NA,NA,NA,NA,NA,NA,NA,NA,NA,NA,NA,NA,NA,NA,NA,NA,NA,NA,0.0379437196424798
219,"AI-XC",20131119122053,500,500,"W","N","","M",881958,10,10586484,"Y",46619,"that both of the triangles are the same of eath other",NA,NA,NA,NA,NA,NA,NA,NA,NA,NA,NA,NA,NA,NA,NA,NA,NA,NA,NA,NA,0.0546473765568546
220,"AI-XC",20131119122053,500,500,"W","N","","F",881996,10,10586488,"Y",46619,"Alt. Interior",NA,NA,NA,NA,NA,NA,NA,NA,NA,NA,NA,NA,NA,NA,NA,NA,NA,NA,NA,NA,0.0440533132332563
221,"AI-XC",20131119122053,500,500,"W","Y","","F",882055,10,10586492,"Y",46619,"side-side-side congruanetcy",NA,NA,NA,NA,NA,NA,NA,NA,NA,NA,NA,NA,NA,NA,NA,NA,NA,NA,NA,NA,1
222,"AI-XC",20131119122053,500,500,"W","N","","F",882089,10,10586496,"Y",46619,"side angle side congruency",NA,NA,NA,NA,NA,NA,NA,NA,NA,NA,NA,NA,NA,NA,NA,NA,NA,NA,NA,NA,0.0765830571497312
223,"AI-XC",20131119122053,500,500,"H","N","Y","F",882336,10,10586537,"Y",46619,"ABD supports ACD",NA,NA,NA,NA,NA,NA,NA,NA,NA,NA,NA,NA,NA,NA,NA,NA,NA,NA,NA,NA,0.0540226297320608
224,"AI-XC",20131119122053,500,500,"H","N","N","F",882858,10,10586581,"Y",46619,"definition of congruent angles",NA,NA,NA,NA,NA,NA,NA,NA,NA,NA,NA,NA,NA,NA,NA,NA,NA,NA,NA,NA,0.037726655423453
225,"AI-XC",20131119122053,500,500,"W","N","N","F",882874,10,10586583,"Y",46619,"IDK the proof name/property!",NA,NA,NA,NA,NA,NA,NA,NA,NA,NA,NA,NA,NA,NA,NA,NA,NA,NA,NA,NA,0.0589167640500406
226,"AI-XC",20131119122053,500,500,"W","N","","F",882968,10,10586586,"Y",46619,"Reflexive Property",NA,NA,NA,NA,NA,NA,NA,NA,NA,NA,NA,NA,NA,NA,NA,NA,NA,NA,NA,NA,0.0512787159207537
227,"AI-XC",20131119122053,500,500,"W","N","","M",883141,10,10586591,"Y",46619,"AD is congruent to AD",NA,NA,NA,NA,NA,NA,NA,NA,NA,NA,NA,NA,NA,NA,NA,NA,NA,NA,NA,NA,0.0389864281050112
228,"AI-XC",20131119122053,500,500,"W","N","","F",883143,10,10586598,"Y",46619,"angle side angle congruent",NA,NA,NA,NA,NA,NA,NA,NA,NA,NA,NA,NA,NA,NA,NA,NA,NA,NA,NA,NA,0.0451318938299961
229,"AI-XC",20131119122053,500,500,"NR","","","F",883284,10,10586642,"Y",46619,"jfjhgfj",NA,NA,NA,NA,NA,NA,NA,NA,NA,NA,NA,NA,NA,NA,NA,NA,NA,NA,NA,NA,0.0563026094676396
230,"AI-XC",20131119122053,500,500,"W","N","N","M",883372,10,10586645,"Y",46619,"69",NA,NA,NA,NA,NA,NA,NA,NA,NA,NA,NA,NA,NA,NA,NA,NA,NA,NA,NA,NA,0.117142238880181
231,"AI-XC",20131119122053,500,500,"W","N","N","M",883421,10,10586649,"Y",46619,"given",NA,NA,NA,NA,NA,NA,NA,NA,NA,NA,NA,NA,NA,NA,NA,NA,NA,NA,NA,NA,0.0546528829581568
232,"AI-XC",20131119122053,500,500,"H","Y","Y","M",883527,10,10586653,"Y",46619,"AD~AD",NA,NA,NA,NA,NA,NA,NA,NA,NA,NA,NA,NA,NA,NA,NA,NA,NA,NA,NA,NA,0.250011351220562
233,"AI-XC",20131119122053,500,500,"H","N","N","M",883528,10,10586658,"Y",46619,"Side-Angle-Side",NA,NA,NA,NA,NA,NA,NA,NA,NA,NA,NA,NA,NA,NA,NA,NA,NA,NA,NA,NA,0.0611878597577598
234,"AI-XC",20131119122053,500,500,"W","N","","F",883552,10,10586697,"Y",46619,"SAS",NA,NA,NA,NA,NA,NA,NA,NA,NA,NA,NA,NA,NA,NA,NA,NA,NA,NA,NA,NA,0.066434967674774
235,"AI-XC",20131119122053,500,500,"W","N","","M",883554,10,10586736,"Y",46619,"they are the same triangle",NA,NA,NA,NA,NA,NA,NA,NA,NA,NA,NA,NA,NA,NA,NA,NA,NA,NA,NA,NA,0.0423645234358287
236,"AI-XC",20131119122053,500,500,"W","N","","F",883590,10,10586776,"Y",46619,"Because all of the sides are congruent and what not.",NA,NA,NA,NA,NA,NA,NA,NA,NA,NA,NA,NA,NA,NA,NA,NA,NA,NA,NA,NA,0.0525298881024843
237,"AI-XC",20131119122053,500,500,"H","Y","Y","M",883757,10,10586804,"Y",46619,"they are all right triangles",NA,NA,NA,NA,NA,NA,NA,NA,NA,NA,NA,NA,NA,NA,NA,NA,NA,NA,NA,NA,0.0492976380406379
238,"AI-XC",20131119122053,500,500,"NR","","","M",883762,10,10586808,"Y",46619,"reflexive property",NA,NA,NA,NA,NA,NA,NA,NA,NA,NA,NA,NA,NA,NA,NA,NA,NA,NA,NA,NA,0.0512787159207537
239,"AI-XC",20131119122053,500,500,"W","","","F",883766,10,10586813,"Y",46619,"Reflexive property",NA,NA,NA,NA,NA,NA,NA,NA,NA,NA,NA,NA,NA,NA,NA,NA,NA,NA,NA,NA,0.0512787159207537
240,"AI-XC",20131119122053,500,500,"W","N","","F",883792,10,10586819,"Y",46619,"side,side,side",NA,NA,NA,NA,NA,NA,NA,NA,NA,NA,NA,NA,NA,NA,NA,NA,NA,NA,NA,NA,1
241,"AI-XC",20131119122053,500,500,"H","N","Y","M",884033,10,10586855,"Y",46619,"adition properiti",NA,NA,NA,NA,NA,NA,NA,NA,NA,NA,NA,NA,NA,NA,NA,NA,NA,NA,NA,NA,0.0408894041634824
242,"AI-XC",20131119122053,500,500,"W","N","N","M",884057,10,10586890,"Y",46619,"AB is congruent to AC, BD is congruent to DC, and AD is congruent to AD. ALl sides are congruents, therefore the two triangles are congruent.",NA,NA,NA,NA,NA,NA,NA,NA,NA,NA,NA,NA,NA,NA,NA,NA,NA,NA,NA,NA,0.790570937560047
243,"AI-XC",20131119122053,500,500,"W","N","","M",884086,10,10586896,"Y",46619,"Alternate Exterior Angles",NA,NA,NA,NA,NA,NA,NA,NA,NA,NA,NA,NA,NA,NA,NA,NA,NA,NA,NA,NA,0.0429324889237249
244,"AI-XC",20131119122053,500,500,"W","N","N","F",884089,10,10586930,"Y",46619,"becaus the line AD splits the original triangle in half, two equal halfs",NA,NA,NA,NA,NA,NA,NA,NA,NA,NA,NA,NA,NA,NA,NA,NA,NA,NA,NA,NA,0.0245372448368995
245,"AI-XC",20131119122053,500,500,"B","N","N","F",884143,10,10586937,"Y",46619,"they are the exact same triangle .",NA,NA,NA,NA,NA,NA,NA,NA,NA,NA,NA,NA,NA,NA,NA,NA,NA,NA,NA,NA,0.0502442916938997
246,"AI-XC",20131119122053,500,500,"H","N","N","F",884158,10,10586977,"Y",46619,"they are both equal triangles",NA,NA,NA,NA,NA,NA,NA,NA,NA,NA,NA,NA,NA,NA,NA,NA,NA,NA,NA,NA,0.0467523772182725
247,"AI-XC",20131119122053,500,500,"H","Y","Y","M",884163,10,10587020,"Y",46619,"theat is allmost all of the shape",NA,NA,NA,NA,NA,NA,NA,NA,NA,NA,NA,NA,NA,NA,NA,NA,NA,NA,NA,NA,0.0674355398813276
248,"AI-XC",20131119122053,500,500,"W","N","N","F",884169,10,10587066,"Y",46619,"asa angle side angle",NA,NA,NA,NA,NA,NA,NA,NA,NA,NA,NA,NA,NA,NA,NA,NA,NA,NA,NA,NA,0.0116165978398621
249,"AI-XC",20131119122053,500,500,"H","N","Y","F",884203,10,10587071,"Y",46619,"they share a side and they are reflecive property in this",NA,NA,NA,NA,NA,NA,NA,NA,NA,NA,NA,NA,NA,NA,NA,NA,NA,NA,NA,NA,0.0929227952381446
250,"AI-XC",20131119122053,500,500,"B","","","F",884279,10,10587076,"Y",46619,"because they share segement AD",NA,NA,NA,NA,NA,NA,NA,NA,NA,NA,NA,NA,NA,NA,NA,NA,NA,NA,NA,NA,0.0621860682698932
251,"AI-XC",20131119122053,500,500,"NR","","Y","M",884362,10,10587159,"Y",46619,"Reflexive property",NA,NA,NA,NA,NA,NA,NA,NA,NA,NA,NA,NA,NA,NA,NA,NA,NA,NA,NA,NA,0.0512787159207537
252,"AI-XC",20131119122053,500,500,"W","N","","F",884545,10,10587205,"Y",46619,"side side side",NA,NA,NA,NA,NA,NA,NA,NA,NA,NA,NA,NA,NA,NA,NA,NA,NA,NA,NA,NA,1
253,"AI-XC",20131119122053,500,500,"W","N","","M",885328,10,10587211,"Y",46619,"CPCTC",NA,NA,NA,NA,NA,NA,NA,NA,NA,NA,NA,NA,NA,NA,NA,NA,NA,NA,NA,NA,1
254,"AI-XC",20131119122053,500,500,"W","N","N","M",885380,10,10587218,"Y",46619,"reflection",NA,NA,NA,NA,NA,NA,NA,NA,NA,NA,NA,NA,NA,NA,NA,NA,NA,NA,NA,NA,0.0427555952424766
255,"AI-XC",20131119122053,500,500,"W","N","N","F",885471,10,10587266,"Y",46619,"relexive property",NA,NA,NA,NA,NA,NA,NA,NA,NA,NA,NA,NA,NA,NA,NA,NA,NA,NA,NA,NA,0.0543767031019542
256,"AI-XC",20131119122053,500,500,"H","N","Y","M",886014,10,10587271,"Y",46619,"angle",NA,NA,NA,NA,NA,NA,NA,NA,NA,NA,NA,NA,NA,NA,NA,NA,NA,NA,NA,NA,0.0310354049821998
257,"AI-XC",20131119122053,500,500,"H","Y","Y","F",886344,10,10587279,"Y",46619,"ABD have the same rictangle.And ACD is the same  side.",NA,NA,NA,NA,NA,NA,NA,NA,NA,NA,NA,NA,NA,NA,NA,NA,NA,NA,NA,NA,0.0381418352095595
258,"AI-XC",20131119122053,500,500,"H","N","N","F",886395,10,10587324,"Y",46619,"because since theyre all in a row it causes them to aline right and have the conclusion.",NA,NA,NA,NA,NA,NA,NA,NA,NA,NA,NA,NA,NA,NA,NA,NA,NA,NA,NA,NA,0.0464130632318927
259,"AI-XC",20131119122053,500,500,"H","N","N","M",886412,10,10587328,"Y",46619,"THEIR 2 SEPARATE TRIANGLES",NA,NA,NA,NA,NA,NA,NA,NA,NA,NA,NA,NA,NA,NA,NA,NA,NA,NA,NA,NA,0.052920630182429
260,"AI-XC",20131119122053,500,500,"H","N","N","M",886539,10,10587334,"Y",46619,"sss",NA,NA,NA,NA,NA,NA,NA,NA,NA,NA,NA,NA,NA,NA,NA,NA,NA,NA,NA,NA,1
261,"AI-XC",20131119122053,500,500,"W","N","N","F",886967,10,10587340,"Y",46619,"angles",NA,NA,NA,NA,NA,NA,NA,NA,NA,NA,NA,NA,NA,NA,NA,NA,NA,NA,NA,NA,0.0358338160890235
262,"AI-XC",20131119122053,500,500,"W","N","N","F",886973,10,10587383,"Y",46619,"the side AB and AC are equal and so are each of the botto, halfs and AD is the same size. each piece of the triangle is equal to one on the oppostie side.",NA,NA,NA,NA,NA,NA,NA,NA,NA,NA,NA,NA,NA,NA,NA,NA,NA,NA,NA,NA,0.374974501286624
263,"AI-XC",20131119122053,500,500,"W","N","N","M",887058,10,10587389,"Y",46619,"ab and ac are congruent,bd and dc are congruent, and ad and ad are congruent given,given,reflexive property",NA,NA,NA,NA,NA,NA,NA,NA,NA,NA,NA,NA,NA,NA,NA,NA,NA,NA,NA,NA,0.749434959096723
264,"AI-XC",20131119122053,500,500,"NR","","","M",887911,10,10587394,"Y",46619,"side side side",NA,NA,NA,NA,NA,NA,NA,NA,NA,NA,NA,NA,NA,NA,NA,NA,NA,NA,NA,NA,1
265,"AI-XC",20131119122053,500,500,"NR","","","M",887912,10,10587432,"Y",46619,"666",NA,NA,NA,NA,NA,NA,NA,NA,NA,NA,NA,NA,NA,NA,NA,NA,NA,NA,NA,NA,0.121124371734536
266,"AI-XC",20131119122053,500,500,"H","N","N","F",888406,10,10587440,"Y",46619,"Congruent.",NA,NA,NA,NA,NA,NA,NA,NA,NA,NA,NA,NA,NA,NA,NA,NA,NA,NA,NA,NA,0.0581021869106607
267,"AI-XC",20131119122053,500,500,"W","Y","N","F",888568,10,10587483,"Y",46619,"they are conrgent and eual on both sides",NA,NA,NA,NA,NA,NA,NA,NA,NA,NA,NA,NA,NA,NA,NA,NA,NA,NA,NA,NA,0.0486709343090509
268,"AI-XC",20131119122053,500,500,"A","N","N","M",888992,10,10587488,"Y",46619,"SAS",NA,NA,NA,NA,NA,NA,NA,NA,NA,NA,NA,NA,NA,NA,NA,NA,NA,NA,NA,NA,0.066434967674774
269,"AI-XC",20131119122053,500,500,"H","N","N","F",888999,10,10587491,"Y",46619,"Triangle ABD is congruent to triangle ACD because of the Side-Side-Side theorem",NA,NA,NA,NA,NA,NA,NA,NA,NA,NA,NA,NA,NA,NA,NA,NA,NA,NA,NA,NA,0.950910297142815
270,"AI-XC",20131119122053,500,500,"H","N","N","F",889045,10,10587497,"Y",46619,"since AD bisected what seemed to be ABC as a whole triangle then ABD and ACD are congruent",NA,NA,NA,NA,NA,NA,NA,NA,NA,NA,NA,NA,NA,NA,NA,NA,NA,NA,NA,NA,0.0926170720811861
271,"AI-XC",20131119122053,500,500,"H","N","Y","F",889092,10,10587572,"Y",46619,"reflexive property",NA,NA,NA,NA,NA,NA,NA,NA,NA,NA,NA,NA,NA,NA,NA,NA,NA,NA,NA,NA,0.0512787159207537
272,"AI-XC",20131119122053,500,500,"H","N","N","M",889101,10,10587579,"Y",46619,"Side-Side-Side",NA,NA,NA,NA,NA,NA,NA,NA,NA,NA,NA,NA,NA,NA,NA,NA,NA,NA,NA,NA,1
273,"AI-XC",20131119122053,500,500,"NR","","","F",889766,10,10587637,"Y",46619,"SSS theorem",NA,NA,NA,NA,NA,NA,NA,NA,NA,NA,NA,NA,NA,NA,NA,NA,NA,NA,NA,NA,1
274,"AI-XC",20131119122053,500,500,"W","N","N","F",890407,10,10587681,"Y",46619,"Triangle ABD and ACD are congruent due to the fact AD bisects BD, and each angle is equal.",NA,NA,NA,NA,NA,NA,NA,NA,NA,NA,NA,NA,NA,NA,NA,NA,NA,NA,NA,NA,0.150675656768532
275,"AI-XC",20131119122053,500,500,"W","N","N","M",890562,10,10587684,"Y",46619,"theyre congruent",NA,NA,NA,NA,NA,NA,NA,NA,NA,NA,NA,NA,NA,NA,NA,NA,NA,NA,NA,NA,0.0666776992348462
276,"AI-XC",20131119122053,500,500,"H","N","Y","F",890865,10,10587688,"Y",46619,"they are congruent because they were bisected.",NA,NA,NA,NA,NA,NA,NA,NA,NA,NA,NA,NA,NA,NA,NA,NA,NA,NA,NA,NA,0.0556429772369662
277,"AI-XC",20131119122053,500,500,"H","N","N","F",891486,10,10587694,"Y",46619,"reflectiv e",NA,NA,NA,NA,NA,NA,NA,NA,NA,NA,NA,NA,NA,NA,NA,NA,NA,NA,NA,NA,0.0563137085894665
278,"AI-XC",20131119122053,500,500,"H","N","Y","M",891580,10,10587780,"Y",46619,"def on angle bisector",NA,NA,NA,NA,NA,NA,NA,NA,NA,NA,NA,NA,NA,NA,NA,NA,NA,NA,NA,NA,0.0355430328297908
279,"AI-XC",20131119122053,500,500,"H","N","N","M",891584,10,10587924,"Y",46619,"side-side-side congruence theorum",NA,NA,NA,NA,NA,NA,NA,NA,NA,NA,NA,NA,NA,NA,NA,NA,NA,NA,NA,NA,1
280,"AI-XC",20131119122053,500,500,"W","","","M",891788,10,10587929,"Y",46619,"they are Congruent",NA,NA,NA,NA,NA,NA,NA,NA,NA,NA,NA,NA,NA,NA,NA,NA,NA,NA,NA,NA,0.0605946273163634
281,"AI-XC",20131119122053,500,500,"I","","","M",892066,10,10587935,"Y",46619,"ADC=ABD",NA,NA,NA,NA,NA,NA,NA,NA,NA,NA,NA,NA,NA,NA,NA,NA,NA,NA,NA,NA,0.113525980772247
282,"AI-XC",20131119122053,500,500,"W","","","M",892091,10,10587983,"Y",46619,"angle angle side",NA,NA,NA,NA,NA,NA,NA,NA,NA,NA,NA,NA,NA,NA,NA,NA,NA,NA,NA,NA,0.0619594379451095
283,"AI-XC",20131119122053,500,500,"B","","","M",892110,10,10587987,"Y",46619,"equal bisector",NA,NA,NA,NA,NA,NA,NA,NA,NA,NA,NA,NA,NA,NA,NA,NA,NA,NA,NA,NA,0.0465846009068725
284,"AI-XC",20131119122053,500,500,"B","","","F",892193,10,10587992,"Y",46619,"the bisector cuts the angles in half",NA,NA,NA,NA,NA,NA,NA,NA,NA,NA,NA,NA,NA,NA,NA,NA,NA,NA,NA,NA,0.0394342218220087
285,"AI-XC",20131119122053,500,500,"W","","","F",892366,10,10587997,"Y",46619,"angle congruent",NA,NA,NA,NA,NA,NA,NA,NA,NA,NA,NA,NA,NA,NA,NA,NA,NA,NA,NA,NA,0.0424148359881626
286,"AI-XC",20131119122053,500,500,"NR","","","M",892395,10,10588044,"Y",46619,"The side-side-side conclusion",NA,NA,NA,NA,NA,NA,NA,NA,NA,NA,NA,NA,NA,NA,NA,NA,NA,NA,NA,NA,1
287,"AI-XC",20131119122053,500,500,"W","","","M",892735,10,10588048,"Y",46619,"that ab equals ac",NA,NA,NA,NA,NA,NA,NA,NA,NA,NA,NA,NA,NA,NA,NA,NA,NA,NA,NA,NA,0.145875671285812
288,"AI-XC",20131119122053,500,500,"W","","","M",892776,10,10588054,"Y",46619,"angle side angle",NA,NA,NA,NA,NA,NA,NA,NA,NA,NA,NA,NA,NA,NA,NA,NA,NA,NA,NA,NA,0.0318140268721404
289,"AI-XC",20131119122053,500,500,"NR","","","M",892820,10,10588101,"Y",46619,"jh",NA,NA,NA,NA,NA,NA,NA,NA,NA,NA,NA,NA,NA,NA,NA,NA,NA,NA,NA,NA,0.115262865630532
290,"AI-XC",20131119122053,500,500,"NR","","","F",892821,10,10588103,"Y",46619,"It can be supported by ASA because it has two angles that are the same and on side that is congruent",NA,NA,NA,NA,NA,NA,NA,NA,NA,NA,NA,NA,NA,NA,NA,NA,NA,NA,NA,NA,0.0315999749658483
291,"AI-XC",20131119122053,500,500,"NR","","","M",893047,10,10588106,"Y",46619,"side angle side",NA,NA,NA,NA,NA,NA,NA,NA,NA,NA,NA,NA,NA,NA,NA,NA,NA,NA,NA,NA,0.0693797049304126
292,"AI-XC",20131119122053,500,500,"H","N","N","M",893227,10,10588111,"Y",46619,"because the triangles are similar",NA,NA,NA,NA,NA,NA,NA,NA,NA,NA,NA,NA,NA,NA,NA,NA,NA,NA,NA,NA,0.0613356158399092
293,"AI-XC",20131119122053,500,500,"H","N","Y","F",893271,10,10588116,"Y",46619,"666",NA,NA,NA,NA,NA,NA,NA,NA,NA,NA,NA,NA,NA,NA,NA,NA,NA,NA,NA,NA,0.121124371734536
294,"AI-XC",20131119122053,500,500,"H","Y","Y","F",893281,10,10588166,"Y",46619,"its in orders but backwards",NA,NA,NA,NA,NA,NA,NA,NA,NA,NA,NA,NA,NA,NA,NA,NA,NA,NA,NA,NA,0.0499999536246034
295,"AI-XC",20131119122053,500,500,"H","N","Y","M",893293,10,10588172,"Y",46619,"sas",NA,NA,NA,NA,NA,NA,NA,NA,NA,NA,NA,NA,NA,NA,NA,NA,NA,NA,NA,NA,0.066434967674774
296,"AI-XC",20131119122053,500,500,"A","N","N","F",893323,10,10588179,"Y",46619,"sas",NA,NA,NA,NA,NA,NA,NA,NA,NA,NA,NA,NA,NA,NA,NA,NA,NA,NA,NA,NA,0.066434967674774
297,"AI-XC",20131119122053,500,500,"H","N","N","M",893665,10,10588236,"Y",46619,"sss",NA,NA,NA,NA,NA,NA,NA,NA,NA,NA,NA,NA,NA,NA,NA,NA,NA,NA,NA,NA,1
298,"AI-XC",20131119122053,500,500,"H","Y","Y","M",893715,10,10588288,"Y",46619,"i dont know",NA,NA,NA,NA,NA,NA,NA,NA,NA,NA,NA,NA,NA,NA,NA,NA,NA,NA,NA,NA,0.0529604003512519
299,"AI-XC",20131119122053,500,500,"A","N","N","M",893720,10,10588294,"Y",46619,"same as part A",NA,NA,NA,NA,NA,NA,NA,NA,NA,NA,NA,NA,NA,NA,NA,NA,NA,NA,NA,NA,0.0617905663420926
300,"AI-XC",20131119122053,500,500,"H","N","Y","M",893918,10,10588342,"Y",46619,"congruent",NA,NA,NA,NA,NA,NA,NA,NA,NA,NA,NA,NA,NA,NA,NA,NA,NA,NA,NA,NA,0.0578895422650903
301,"AI-XC",20131119122053,500,500,"NR","","","M",894759,10,10588345,"Y",46619,"refelction property",NA,NA,NA,NA,NA,NA,NA,NA,NA,NA,NA,NA,NA,NA,NA,NA,NA,NA,NA,NA,0.0474946027386701
302,"AI-XC",20131119122053,500,500,"NR","","","M",894762,10,10588350,"Y",46619,"that ab is congruent to ac and bd congruent to dc",NA,NA,NA,NA,NA,NA,NA,NA,NA,NA,NA,NA,NA,NA,NA,NA,NA,NA,NA,NA,0.446979256992859
303,"AI-XC",20131119122053,500,500,"W","","","M",894970,10,10588355,"Y",46619,"side angle side",NA,NA,NA,NA,NA,NA,NA,NA,NA,NA,NA,NA,NA,NA,NA,NA,NA,NA,NA,NA,0.0693797049304126
304,"AI-XC",20131119122053,500,500,"W","","","F",894973,10,10588360,"Y",46619,"adament property",NA,NA,NA,NA,NA,NA,NA,NA,NA,NA,NA,NA,NA,NA,NA,NA,NA,NA,NA,NA,0.0444566540073159
305,"AI-XC",20131119122053,500,500,"NR","","","F",895118,10,10588420,"Y",46619,"Side Angle Side",NA,NA,NA,NA,NA,NA,NA,NA,NA,NA,NA,NA,NA,NA,NA,NA,NA,NA,NA,NA,0.0693797049304126
306,"AI-XC",20131119122053,500,500,"NR","","","M",895233,10,10588482,"Y",46619,"SAS",NA,NA,NA,NA,NA,NA,NA,NA,NA,NA,NA,NA,NA,NA,NA,NA,NA,NA,NA,NA,0.066434967674774
307,"AI-XC",20131119122053,500,500,"NR","","","F",895234,10,10588485,"Y",46619,"Side, angle, side",NA,NA,NA,NA,NA,NA,NA,NA,NA,NA,NA,NA,NA,NA,NA,NA,NA,NA,NA,NA,0.0599250188595248
308,"AI-XC",20131119122053,500,500,"NR","","","M",895294,10,10588488,"Y",46619,"the triangles are congreuent because they say the same vertex angle and a side that bisects their bases in half",NA,NA,NA,NA,NA,NA,NA,NA,NA,NA,NA,NA,NA,NA,NA,NA,NA,NA,NA,NA,0.087919190234657
309,"AI-XC",20131119122053,500,500,"H","N","Y","M",896474,10,10588492,"Y",46619,"Their both true because their equal.",NA,NA,NA,NA,NA,NA,NA,NA,NA,NA,NA,NA,NA,NA,NA,NA,NA,NA,NA,NA,0.0567497189550481
310,"AI-XC",20131119122053,500,500,"W","N","N","F",896475,10,10588498,"Y",46619,"Because they can both be cut into triangles.",NA,NA,NA,NA,NA,NA,NA,NA,NA,NA,NA,NA,NA,NA,NA,NA,NA,NA,NA,NA,0.0570493835126366
311,"AI-XC",20131119122053,500,500,"W","N","N","F",896476,10,10588603,"Y",46619,"The two triangles are congruent.",NA,NA,NA,NA,NA,NA,NA,NA,NA,NA,NA,NA,NA,NA,NA,NA,NA,NA,NA,NA,0.0758716206408172
312,"AI-XC",20131119122053,500,500,"W","N","N","F",896521,10,10588607,"Y",46619,"side angle side",NA,NA,NA,NA,NA,NA,NA,NA,NA,NA,NA,NA,NA,NA,NA,NA,NA,NA,NA,NA,0.0693797049304126
313,"AI-XC",20131119122053,500,500,"W","N","N","F",897228,10,10588613,"Y",46619,"side side side congruent post",NA,NA,NA,NA,NA,NA,NA,NA,NA,NA,NA,NA,NA,NA,NA,NA,NA,NA,NA,NA,1
314,"AI-XC",20131119122053,500,500,"H","N","Y","F",897295,10,10588618,"Y",46619,"they are different lengths",NA,NA,NA,NA,NA,NA,NA,NA,NA,NA,NA,NA,NA,NA,NA,NA,NA,NA,NA,NA,0.0401418813621397
315,"AI-XC",20131119122053,500,500,"W","N","N","F",897356,10,10588677,"Y",46619,"congurant",NA,NA,NA,NA,NA,NA,NA,NA,NA,NA,NA,NA,NA,NA,NA,NA,NA,NA,NA,NA,0.050214825523753
316,"AI-XC",20131119122053,500,500,"A","N","N","F",897419,10,10588733,"Y",46619,"since ab and ac are congruent and ad bisects bc causing bd and dc to be congruent the angles must be the same",NA,NA,NA,NA,NA,NA,NA,NA,NA,NA,NA,NA,NA,NA,NA,NA,NA,NA,NA,NA,0.712692311615604
317,"AI-XC",20131119122053,500,500,"W","N","N","M",897440,10,10588783,"Y",46619,"angle side angle",NA,NA,NA,NA,NA,NA,NA,NA,NA,NA,NA,NA,NA,NA,NA,NA,NA,NA,NA,NA,0.0318140268721404
318,"AI-XC",20131119122053,500,500,"H","Y","N","F",897729,10,10588787,"Y",46619,"They are at the conrees",NA,NA,NA,NA,NA,NA,NA,NA,NA,NA,NA,NA,NA,NA,NA,NA,NA,NA,NA,NA,0.0533495113954684
319,"AI-XC",20131119122053,500,500,"H","N","Y","M",897737,10,10588793,"Y",46619,"AB is Congruent to AC and also the reflexive property AD is congruent to AD",NA,NA,NA,NA,NA,NA,NA,NA,NA,NA,NA,NA,NA,NA,NA,NA,NA,NA,NA,NA,0.149358104704158
320,"AI-XC",20131119122053,500,500,"NR","N","","F",898473,10,10588799,"Y",46619,"symetry",NA,NA,NA,NA,NA,NA,NA,NA,NA,NA,NA,NA,NA,NA,NA,NA,NA,NA,NA,NA,0.0753630662607432
321,"AI-XC",20131119122053,500,500,"NR","N","","M",898486,10,10588856,"Y",46619,"Triangular",NA,NA,NA,NA,NA,NA,NA,NA,NA,NA,NA,NA,NA,NA,NA,NA,NA,NA,NA,NA,0.0607434875939416
322,"AI-XC",20131119122053,500,500,"NR","N","","M",898499,10,10588909,"Y",46619,"The whole triangle is split in half, making each side of the triangle equal to eachother.",NA,NA,NA,NA,NA,NA,NA,NA,NA,NA,NA,NA,NA,NA,NA,NA,NA,NA,NA,NA,0.122063682216503
323,"AI-XC",20131119122053,500,500,"NR","N","","F",898500,10,10588916,"Y",46619,"side-angle-side",NA,NA,NA,NA,NA,NA,NA,NA,NA,NA,NA,NA,NA,NA,NA,NA,NA,NA,NA,NA,0.0611878597577598
324,"AI-XC",20131119122053,500,500,"NR","N","","F",898515,10,10588966,"Y",46619,"AB is congruent to AC, BD is congruent to DC, and AD is a bisector. So Triangle ABC is congruent to ACD.",NA,NA,NA,NA,NA,NA,NA,NA,NA,NA,NA,NA,NA,NA,NA,NA,NA,NA,NA,NA,0.610513126702042
325,"AI-XC",20131119122053,500,500,"NR","","","F",898595,10,10588971,"Y",46619,"because they are reflexive towards each other and have conguency.",NA,NA,NA,NA,NA,NA,NA,NA,NA,NA,NA,NA,NA,NA,NA,NA,NA,NA,NA,NA,0.0660203678791239
326,"AI-XC",20131119122053,500,500,"NR","Y","N","M",899250,10,10588978,"Y",46619,"refractive property",NA,NA,NA,NA,NA,NA,NA,NA,NA,NA,NA,NA,NA,NA,NA,NA,NA,NA,NA,NA,0.0455006852222358
327,"AI-XC",20131119122053,500,500,"NR","N","N","F",899302,10,10589030,"Y",46619,"",NA,NA,NA,NA,NA,NA,NA,NA,NA,NA,NA,NA,NA,NA,NA,NA,NA,NA,NA,NA,0.0468737608282976
328,"AI-XC",20131119122053,500,500,"NR","N","N","F",899354,10,10589036,"Y",46619,"side side side",NA,NA,NA,NA,NA,NA,NA,NA,NA,NA,NA,NA,NA,NA,NA,NA,NA,NA,NA,NA,1
329,"AI-XC",20131119122053,500,500,"NR","Y","N","M",899576,10,10589090,"Y",46619,"is shown on try angle",NA,NA,NA,NA,NA,NA,NA,NA,NA,NA,NA,NA,NA,NA,NA,NA,NA,NA,NA,NA,0.0412714850198098
330,"AI-XC",20131119122053,500,500,"NR","Y","N","F",899686,10,10589096,"Y",46619,"fhjik",NA,NA,NA,NA,NA,NA,NA,NA,NA,NA,NA,NA,NA,NA,NA,NA,NA,NA,NA,NA,0.0826747749124414
331,"AI-XC",20131119122053,500,500,"NR","N","N","M",899720,10,10589147,"Y",46619,"congruent bisectors",NA,NA,NA,NA,NA,NA,NA,NA,NA,NA,NA,NA,NA,NA,NA,NA,NA,NA,NA,NA,0.0692350787760492
332,"AI-XC",20131119122053,500,500,"H","N","Y","M",900792,10,10589155,"Y",46619,"triangle congruence theorm",NA,NA,NA,NA,NA,NA,NA,NA,NA,NA,NA,NA,NA,NA,NA,NA,NA,NA,NA,NA,0.0644114205902672
333,"AI-XC",20131119122053,500,500,"H","N","N","M",901168,10,10589210,"Y",46619,"they are congruent",NA,NA,NA,NA,NA,NA,NA,NA,NA,NA,NA,NA,NA,NA,NA,NA,NA,NA,NA,NA,0.0605946273163634
334,"AI-XC",20131119122053,500,500,"W","N","N","F",901224,10,10589218,"Y",46619,"SAS",NA,NA,NA,NA,NA,NA,NA,NA,NA,NA,NA,NA,NA,NA,NA,NA,NA,NA,NA,NA,0.066434967674774
335,"AI-XC",20131119122053,500,500,"W","Y","N","F",901497,10,10589268,"Y",46619,"they are similar",NA,NA,NA,NA,NA,NA,NA,NA,NA,NA,NA,NA,NA,NA,NA,NA,NA,NA,NA,NA,0.0516884564937475
336,"AI-XC",20131119122053,500,500,"H","N","N","M",901778,10,10589274,"Y",46619,"SSS",NA,NA,NA,NA,NA,NA,NA,NA,NA,NA,NA,NA,NA,NA,NA,NA,NA,NA,NA,NA,1
337,"AI-XC",20131119122053,500,500,"W","","","M",901902,10,10589280,"Y",46619,"yolo",NA,NA,NA,NA,NA,NA,NA,NA,NA,NA,NA,NA,NA,NA,NA,NA,NA,NA,NA,NA,0.0847830148882255
338,"AI-XC",20131119122053,500,500,"I","","","M",902133,10,10589325,"Y",46619,"All angles are congruent.",NA,NA,NA,NA,NA,NA,NA,NA,NA,NA,NA,NA,NA,NA,NA,NA,NA,NA,NA,NA,0.0610822047420857
339,"AI-XC",20131119122053,500,500,"H","N","N","M",902259,10,10589330,"Y",46619,"That all the sides are eaqual.",NA,NA,NA,NA,NA,NA,NA,NA,NA,NA,NA,NA,NA,NA,NA,NA,NA,NA,NA,NA,0.078467030474873
340,"AI-XC",20131119122053,500,500,"W","N","N","F",905297,10,10589335,"Y",46619,"sss",NA,NA,NA,NA,NA,NA,NA,NA,NA,NA,NA,NA,NA,NA,NA,NA,NA,NA,NA,NA,1
341,"AI-XC",20131119122053,500,500,"2","N","N","F",906422,10,10589339,"Y",46619,"given",NA,NA,NA,NA,NA,NA,NA,NA,NA,NA,NA,NA,NA,NA,NA,NA,NA,NA,NA,NA,0.0546528829581568
342,"AI-XC",20131119122053,500,500,"H","N","N","F",906423,10,10589391,"Y",46619,"they are congruent",NA,NA,NA,NA,NA,NA,NA,NA,NA,NA,NA,NA,NA,NA,NA,NA,NA,NA,NA,NA,0.0605946273163634
343,"AI-XC",20131119122053,500,500,"NR","","","F",906429,10,10589398,"Y",46619,"The triangle is congruent so all sides are equal",NA,NA,NA,NA,NA,NA,NA,NA,NA,NA,NA,NA,NA,NA,NA,NA,NA,NA,NA,NA,0.0777362447426495
344,"AI-XC",20131119122053,500,500,"H","N","N","M",906459,10,10589449,"Y",46619,"Similar Angles",NA,NA,NA,NA,NA,NA,NA,NA,NA,NA,NA,NA,NA,NA,NA,NA,NA,NA,NA,NA,0.0461695315177435
345,"AI-XC",20131119122053,500,500,"H","N","Y","M",906757,10,10589455,"Y",46619,"34",NA,NA,NA,NA,NA,NA,NA,NA,NA,NA,NA,NA,NA,NA,NA,NA,NA,NA,NA,NA,0.0870705643427988
346,"AI-XC",20131119122053,500,500,"B","N","N","M",907104,10,10589460,"Y",46619,"the angles are the same",NA,NA,NA,NA,NA,NA,NA,NA,NA,NA,NA,NA,NA,NA,NA,NA,NA,NA,NA,NA,0.0422872063683168
347,"AI-XC",20131119122053,500,500,"B","N","N","M",907163,10,10589521,"Y",46619,"they are congruent",NA,NA,NA,NA,NA,NA,NA,NA,NA,NA,NA,NA,NA,NA,NA,NA,NA,NA,NA,NA,0.0605946273163634
348,"AI-XC",20131119122053,500,500,"B","N","N","M",907304,10,10589523,"Y",46619,"SAME",NA,NA,NA,NA,NA,NA,NA,NA,NA,NA,NA,NA,NA,NA,NA,NA,NA,NA,NA,NA,0.0489486900607708
349,"AI-XC",20131119122053,500,500,"B","N","N","F",907671,10,10589526,"Y",46619,"Definition of Congruence",NA,NA,NA,NA,NA,NA,NA,NA,NA,NA,NA,NA,NA,NA,NA,NA,NA,NA,NA,NA,0.0698366278964496
350,"AI-XC",20131119122053,500,500,"H","N","Y","M",907822,10,10589529,"Y",46619,"side angle side congruence theorem",NA,NA,NA,NA,NA,NA,NA,NA,NA,NA,NA,NA,NA,NA,NA,NA,NA,NA,NA,NA,0.0597285710266458
351,"AI-XC",20131119122053,500,500,"H","N","N","F",907903,10,10589535,"Y",46619,"nothing",NA,NA,NA,NA,NA,NA,NA,NA,NA,NA,NA,NA,NA,NA,NA,NA,NA,NA,NA,NA,0.0522028518704579
352,"AI-XC",20131119122053,500,500,"H","Y","Y","F",908093,10,10589589,"Y",46619,"reflexive property",NA,NA,NA,NA,NA,NA,NA,NA,NA,NA,NA,NA,NA,NA,NA,NA,NA,NA,NA,NA,0.0512787159207537
353,"AI-XC",20131119122053,500,500,"W","N","N","F",908206,10,10589595,"Y",46619,"Congruent property",NA,NA,NA,NA,NA,NA,NA,NA,NA,NA,NA,NA,NA,NA,NA,NA,NA,NA,NA,NA,0.057145565198106
354,"AI-XC",20131119122053,500,500,"A","N","N","M",908217,10,10589643,"Y",46619,"Prove",NA,NA,NA,NA,NA,NA,NA,NA,NA,NA,NA,NA,NA,NA,NA,NA,NA,NA,NA,NA,0.0595370700024427
355,"AI-XC",20131119122053,500,500,"H","N","N","M",908423,10,10589647,"Y",46619,"Triangle ABD is congruent to triangle ACD because of SSS.",NA,NA,NA,NA,NA,NA,NA,NA,NA,NA,NA,NA,NA,NA,NA,NA,NA,NA,NA,NA,1
356,"AI-XC",20131119122053,500,500,"A","N","N","F",908483,10,10589651,"Y",46619,"CPCTC",NA,NA,NA,NA,NA,NA,NA,NA,NA,NA,NA,NA,NA,NA,NA,NA,NA,NA,NA,NA,1
357,"AI-XC",20131119122053,500,500,"NR","","","M",908566,10,10589656,"Y",46619,"Transitive",NA,NA,NA,NA,NA,NA,NA,NA,NA,NA,NA,NA,NA,NA,NA,NA,NA,NA,NA,NA,0.0499703632573236
358,"AI-XC",20131119122053,500,500,"H","N","Y","M",908639,10,10589705,"Y",46619,"they are congruent by defintion of midpoint",NA,NA,NA,NA,NA,NA,NA,NA,NA,NA,NA,NA,NA,NA,NA,NA,NA,NA,NA,NA,0.0902591700948887
359,"AI-XC",20131119122053,500,500,"H","N","N","F",908682,10,10589709,"Y",46619,"All sides are congruent",NA,NA,NA,NA,NA,NA,NA,NA,NA,NA,NA,NA,NA,NA,NA,NA,NA,NA,NA,NA,0.0724766586008272
360,"AI-XC",20131119122053,500,500,"H","Y","N","M",908792,10,10589715,"Y",46619,"they are close",NA,NA,NA,NA,NA,NA,NA,NA,NA,NA,NA,NA,NA,NA,NA,NA,NA,NA,NA,NA,0.0549541117336706
361,"AI-XC",20131119122053,500,500,"H","N","N","F",908954,10,10589762,"Y",46619,"i dont really know",NA,NA,NA,NA,NA,NA,NA,NA,NA,NA,NA,NA,NA,NA,NA,NA,NA,NA,NA,NA,0.0473555240713781
362,"AI-XC",20131119122053,500,500,"H","N","N","M",909002,10,10589765,"Y",46619,"they are both comgruent",NA,NA,NA,NA,NA,NA,NA,NA,NA,NA,NA,NA,NA,NA,NA,NA,NA,NA,NA,NA,0.0457928939564355
363,"AI-XC",20131119122053,500,500,"A","N","N","F",909294,10,10589771,"Y",46619,"CPCTC",NA,NA,NA,NA,NA,NA,NA,NA,NA,NA,NA,NA,NA,NA,NA,NA,NA,NA,NA,NA,1
364,"AI-XC",20131119122053,500,500,"A","N","N","M",909302,10,10589777,"Y",46619,"sss congruence property",NA,NA,NA,NA,NA,NA,NA,NA,NA,NA,NA,NA,NA,NA,NA,NA,NA,NA,NA,NA,1
365,"AI-XC",20131119122053,500,500,"A","N","N","F",909430,10,10589835,"Y",46619,"SSA Property",NA,NA,NA,NA,NA,NA,NA,NA,NA,NA,NA,NA,NA,NA,NA,NA,NA,NA,NA,NA,0.0983479431571171
366,"AI-XC",20131119122053,500,500,"B","N","N","M",909445,10,10589895,"Y",46619,"equilateral triangle",NA,NA,NA,NA,NA,NA,NA,NA,NA,NA,NA,NA,NA,NA,NA,NA,NA,NA,NA,NA,0.0588945987452911
367,"AI-XC",20131119122053,500,500,"W","N","N","F",909544,10,10589961,"Y",46619,"The angle congruency thereom supports this conclusion.",NA,NA,NA,NA,NA,NA,NA,NA,NA,NA,NA,NA,NA,NA,NA,NA,NA,NA,NA,NA,0.0598690837679594
368,"AI-XC",20131119122053,500,500,"B","N","N","F",909547,10,10589963,"Y",46619,"they are the same angle.",NA,NA,NA,NA,NA,NA,NA,NA,NA,NA,NA,NA,NA,NA,NA,NA,NA,NA,NA,NA,0.0394438087917494
369,"AI-XC",20131119122053,500,500,"B","N","N","F",909551,10,10589967,"Y",46619,"AD BC",NA,NA,NA,NA,NA,NA,NA,NA,NA,NA,NA,NA,NA,NA,NA,NA,NA,NA,NA,NA,0.11525433135347
370,"AI-XC",20131119122053,500,500,"B","N","N","M",909851,10,10589972,"Y",46619,"rule of triangle congruency",NA,NA,NA,NA,NA,NA,NA,NA,NA,NA,NA,NA,NA,NA,NA,NA,NA,NA,NA,NA,0.0705960889662588
371,"AI-XC",20131119122053,500,500,"H","N","Y","M",909871,10,10589977,"Y",46619,"they are the same",NA,NA,NA,NA,NA,NA,NA,NA,NA,NA,NA,NA,NA,NA,NA,NA,NA,NA,NA,NA,0.0525723584373628
372,"AI-XC",20131119122053,500,500,"H","N","N","F",910282,10,10590041,"Y",46619,"they have about the same measurment",NA,NA,NA,NA,NA,NA,NA,NA,NA,NA,NA,NA,NA,NA,NA,NA,NA,NA,NA,NA,0.0744575465587819
373,"AI-XC",20131119122053,500,500,"H","N","Y","F",910295,10,10590043,"Y",46619,"The reason that supports the conclusion is that ABD and ACD are both right triangles and are congruent.",NA,NA,NA,NA,NA,NA,NA,NA,NA,NA,NA,NA,NA,NA,NA,NA,NA,NA,NA,NA,0.11136077048554
374,"AI-XC",20131119122053,500,500,"W","","","M",910468,10,10590046,"Y",46619,"All 3 sides of ABD are the same as there respective sides on ACD",NA,NA,NA,NA,NA,NA,NA,NA,NA,NA,NA,NA,NA,NA,NA,NA,NA,NA,NA,NA,0.0720072824068
375,"AI-XC",20131119122053,500,500,"W","","","F",910503,10,10590051,"Y",46619,"The two triangles have congruent sides and angle measures.",NA,NA,NA,NA,NA,NA,NA,NA,NA,NA,NA,NA,NA,NA,NA,NA,NA,NA,NA,NA,0.0966102405807315
376,"AI-XC",20131119122053,500,500,"NR","","","F",910693,10,10590056,"Y",46619,"AB are the same as AC so there is no way you can have a triangle with the same two lines that also bisect.",NA,NA,NA,NA,NA,NA,NA,NA,NA,NA,NA,NA,NA,NA,NA,NA,NA,NA,NA,NA,0.293951426585562
377,"AI-XC",20131119122053,500,500,"NR","","","F",910714,10,10590118,"Y",46619,"definition of angle bisector",NA,NA,NA,NA,NA,NA,NA,NA,NA,NA,NA,NA,NA,NA,NA,NA,NA,NA,NA,NA,0.0320099884421823
378,"AI-XC",20131119122053,500,500,"NR","N","N","M",911155,10,10590181,"Y",46619,"It is split in the center",NA,NA,NA,NA,NA,NA,NA,NA,NA,NA,NA,NA,NA,NA,NA,NA,NA,NA,NA,NA,0.0597610593758751
379,"AI-XC",20131119122053,500,500,"NR","","","M",911943,10,10590185,"Y",46619,"The reason that support the conclusion is they are to equilateral angles and also a polygon to",NA,NA,NA,NA,NA,NA,NA,NA,NA,NA,NA,NA,NA,NA,NA,NA,NA,NA,NA,NA,0.0439002169410516
380,"AI-XC",20131119122053,500,500,"W","N","N","F",912750,10,10590193,"Y",46619,"Both sides are the same and when you work it out you will get the same answer on one side as you would the other. Its the same amount no matter what way you try to work it out.",NA,NA,NA,NA,NA,NA,NA,NA,NA,NA,NA,NA,NA,NA,NA,NA,NA,NA,NA,NA,0.104106465649275
381,"AI-XC",20131119122053,500,500,"W","","","F",913359,10,10590245,"Y",46619,"Given",NA,NA,NA,NA,NA,NA,NA,NA,NA,NA,NA,NA,NA,NA,NA,NA,NA,NA,NA,NA,0.0546528829581568
382,"AI-XC",20131119122053,500,500,"A","","","F",913430,10,10590250,"Y",46619,"Reason",NA,NA,NA,NA,NA,NA,NA,NA,NA,NA,NA,NA,NA,NA,NA,NA,NA,NA,NA,NA,0.0485642064404194
383,"AI-XC",20131119122053,500,500,"P","","","M",913576,10,10590256,"Y",46619,"they are both congruent",NA,NA,NA,NA,NA,NA,NA,NA,NA,NA,NA,NA,NA,NA,NA,NA,NA,NA,NA,NA,0.0459463230435683
384,"AI-XC",20131119122053,500,500,"P","","","M",913624,10,10590306,"Y",46619,"DI~ck",NA,NA,NA,NA,NA,NA,NA,NA,NA,NA,NA,NA,NA,NA,NA,NA,NA,NA,NA,NA,0.127799118449111
385,"AI-XC",20131119122053,500,500,"NR","","","M",914352,10,10590312,"Y",46619,"D is the midpoint and then angle B and C are congruent",NA,NA,NA,NA,NA,NA,NA,NA,NA,NA,NA,NA,NA,NA,NA,NA,NA,NA,NA,NA,0.0506496713622105
386,"AI-XC",20131119122053,500,500,"W","N","N","M",914362,10,10590319,"Y",46619,"this shows that the two triangles are congruent.",NA,NA,NA,NA,NA,NA,NA,NA,NA,NA,NA,NA,NA,NA,NA,NA,NA,NA,NA,NA,0.0796724056416117
387,"AI-XC",20131119122053,500,500,"W","N","N","F",915599,10,10590381,"Y",46619,"Segment AB and segment AC are congruent, as given. BD and CD are congruent, as proven. The two triangles are congruent.",NA,NA,NA,NA,NA,NA,NA,NA,NA,NA,NA,NA,NA,NA,NA,NA,NA,NA,NA,NA,0.451768476327788
388,"AI-XC",20131119122053,500,500,"W","N","N","F",915794,10,10590384,"Y",46619,"Triangle ABD and ACD are congruent because they are both 90 degrees and a triangle has to equal 180 degrees.",NA,NA,NA,NA,NA,NA,NA,NA,NA,NA,NA,NA,NA,NA,NA,NA,NA,NA,NA,NA,0.106723178541606
389,"AI-XC",20131119122053,500,500,"W","Y","N","M",916311,10,10590388,"Y",46619,"STILL HAVE NO IDEA",NA,NA,NA,NA,NA,NA,NA,NA,NA,NA,NA,NA,NA,NA,NA,NA,NA,NA,NA,NA,0.0927876388802186
390,"AI-XC",20131119122053,500,500,"W","N","N","M",916361,10,10590392,"Y",46619,"SSS",NA,NA,NA,NA,NA,NA,NA,NA,NA,NA,NA,NA,NA,NA,NA,NA,NA,NA,NA,NA,1
391,"AI-XC",20131119122053,500,500,"W","Y","N","M",916415,10,10590397,"Y",46619,"i dont no",NA,NA,NA,NA,NA,NA,NA,NA,NA,NA,NA,NA,NA,NA,NA,NA,NA,NA,NA,NA,0.0541554159819698
392,"AI-XC",20131119122053,500,500,"W","N","","M",916447,10,10590462,"Y",46619,"ABD;.,.;CAB",NA,NA,NA,NA,NA,NA,NA,NA,NA,NA,NA,NA,NA,NA,NA,NA,NA,NA,NA,NA,0.0884406067630187
393,"AI-XC",20131119122053,500,500,"W","N","N","F",916459,10,10590466,"Y",46619,"Side Side Side Similarity SSS~",NA,NA,NA,NA,NA,NA,NA,NA,NA,NA,NA,NA,NA,NA,NA,NA,NA,NA,NA,NA,1
394,"AI-XC",20131119122053,500,500,"W","N","","M",916544,10,10590811,"Y",46619,"By Side, Side, Side(SSS)",NA,NA,NA,NA,NA,NA,NA,NA,NA,NA,NA,NA,NA,NA,NA,NA,NA,NA,NA,NA,1
395,"AI-XC",20131119122053,500,500,"W","N","N","F",916803,10,10590820,"Y",46619,"Proven",NA,NA,NA,NA,NA,NA,NA,NA,NA,NA,NA,NA,NA,NA,NA,NA,NA,NA,NA,NA,0.0472264760839889
396,"AI-XC",20131119122053,500,500,"B","","","M",917341,10,10590879,"Y",46619,"addition propery",NA,NA,NA,NA,NA,NA,NA,NA,NA,NA,NA,NA,NA,NA,NA,NA,NA,NA,NA,NA,0.0405022389768329
397,"AI-XC",20131119122053,500,500,"B","Y","N","M",917363,10,10590934,"Y",46619,"ASA",NA,NA,NA,NA,NA,NA,NA,NA,NA,NA,NA,NA,NA,NA,NA,NA,NA,NA,NA,NA,0.0357602603320316
398,"AI-XC",20131119122053,500,500,"NR","N","N","M",917589,10,10590988,"Y",46619,"AB=AC, BD=CD, and they share side length D",NA,NA,NA,NA,NA,NA,NA,NA,NA,NA,NA,NA,NA,NA,NA,NA,NA,NA,NA,NA,0.286660547717079
399,"AI-XC",20131119122053,500,500,"NR","N","N","M",918124,10,10590992,"Y",46619,"Reflexive property.",NA,NA,NA,NA,NA,NA,NA,NA,NA,NA,NA,NA,NA,NA,NA,NA,NA,NA,NA,NA,0.0513387487601877
400,"AI-XC",20131119122053,500,500,"NR","N","N","F",919136,10,10591000,"Y",46619,"It's proven because it's one shape and ABD and ACD are just splitting the shape in half.",NA,NA,NA,NA,NA,NA,NA,NA,NA,NA,NA,NA,NA,NA,NA,NA,NA,NA,NA,NA,0.0570462949457984
401,"AI-XC",20131119122053,500,500,"NR","Y","N","M",919138,10,10591060,"Y",46619,"cptcp",NA,NA,NA,NA,NA,NA,NA,NA,NA,NA,NA,NA,NA,NA,NA,NA,NA,NA,NA,NA,0.107528069554173
402,"AI-XC",20131119122053,500,500,"NR","Y","","M",919222,10,10591121,"Y",46619,"AB=AC and BD=DC",NA,NA,NA,NA,NA,NA,NA,NA,NA,NA,NA,NA,NA,NA,NA,NA,NA,NA,NA,NA,0.686672016296672
403,"AI-XC",20131119122053,500,500,"W","N","N","F",919224,10,10591123,"Y",46619,"proof",NA,NA,NA,NA,NA,NA,NA,NA,NA,NA,NA,NA,NA,NA,NA,NA,NA,NA,NA,NA,0.0568189065912004
404,"AI-XC",20131119122053,500,500,"A","N","N","M",919235,10,10591127,"Y",46619,"Triangle congruence therom",NA,NA,NA,NA,NA,NA,NA,NA,NA,NA,NA,NA,NA,NA,NA,NA,NA,NA,NA,NA,0.0605207099255101
405,"AI-XC",20131119122053,500,500,"W","Y","N","M",919262,10,10591131,"Y",46619,"AD Bisects BC",NA,NA,NA,NA,NA,NA,NA,NA,NA,NA,NA,NA,NA,NA,NA,NA,NA,NA,NA,NA,0.0533220947987292
406,"AI-XC",20131119122053,500,500,"W","","","F",919574,10,10591136,"Y",46619,"Side Side Side therom",NA,NA,NA,NA,NA,NA,NA,NA,NA,NA,NA,NA,NA,NA,NA,NA,NA,NA,NA,NA,1
407,"AI-XC",20131119122053,500,500,"W","Y","","F",919613,10,10591189,"Y",46619,"they make a sape",NA,NA,NA,NA,NA,NA,NA,NA,NA,NA,NA,NA,NA,NA,NA,NA,NA,NA,NA,NA,0.044558431942592
408,"AI-XC",20131119122053,500,500,"NR","","","M",919725,10,10591195,"Y",46619,"side-side-side",NA,NA,NA,NA,NA,NA,NA,NA,NA,NA,NA,NA,NA,NA,NA,NA,NA,NA,NA,NA,1
409,"AI-XC",20131119122053,500,500,"W","N","N","F",919871,10,10591242,"Y",46619,"SAS Theorum",NA,NA,NA,NA,NA,NA,NA,NA,NA,NA,NA,NA,NA,NA,NA,NA,NA,NA,NA,NA,0.0449310398109131
410,"AI-XC",20131119122053,500,500,"W","N","N","F",919919,10,10591246,"Y",46619,"SSS theorem.",NA,NA,NA,NA,NA,NA,NA,NA,NA,NA,NA,NA,NA,NA,NA,NA,NA,NA,NA,NA,1
411,"AI-XC",20131119122053,500,500,"W","N","N","F",920323,10,10591253,"Y",46619,"Congruent triangles",NA,NA,NA,NA,NA,NA,NA,NA,NA,NA,NA,NA,NA,NA,NA,NA,NA,NA,NA,NA,0.0710101203195655
412,"AI-XC",20131119122053,500,500,"W","N","N","M",920324,10,10591307,"Y",46619,"The 90 degree angle that they both have",NA,NA,NA,NA,NA,NA,NA,NA,NA,NA,NA,NA,NA,NA,NA,NA,NA,NA,NA,NA,0.0436736029386752
413,"AI-XC",20131119122053,500,500,"W","","","M",920406,10,10591312,"Y",46619,"because if you look at the problem there is a line that going down the middle of the hole triangle ABC and the line AD cut it in half which make ABD and ACD equal",NA,NA,NA,NA,NA,NA,NA,NA,NA,NA,NA,NA,NA,NA,NA,NA,NA,NA,NA,NA,0.197052683083162
414,"AI-XC",20131119122053,500,500,"W","N","N","M",920868,10,10591319,"Y",46619,"the two are supplementary",NA,NA,NA,NA,NA,NA,NA,NA,NA,NA,NA,NA,NA,NA,NA,NA,NA,NA,NA,NA,0.0494081278050251
415,"AI-XC",20131119122053,500,500,"W","N","N","M",920893,10,10591381,"Y",46619,"Side angle side, SAS. a side, an angle, and a side are congruent, therefore making the triangles congruent by SAS.",NA,NA,NA,NA,NA,NA,NA,NA,NA,NA,NA,NA,NA,NA,NA,NA,NA,NA,NA,NA,0.265197719720771
416,"AI-XC",20131119122053,500,500,"W","N","N","M",922514,10,10591384,"Y",46619,"AD bisects the triangle in half making the two smaller triangles congruent",NA,NA,NA,NA,NA,NA,NA,NA,NA,NA,NA,NA,NA,NA,NA,NA,NA,NA,NA,NA,0.0501582356649279
417,"AI-XC",20131119122053,500,500,"B","N","N","F",922604,10,10591387,"Y",46619,"idk",NA,NA,NA,NA,NA,NA,NA,NA,NA,NA,NA,NA,NA,NA,NA,NA,NA,NA,NA,NA,0.0762670191226275
418,"AI-XC",20131119122053,500,500,"W","N","N","F",922666,10,10591392,"Y",46619,"both right triangles",NA,NA,NA,NA,NA,NA,NA,NA,NA,NA,NA,NA,NA,NA,NA,NA,NA,NA,NA,NA,0.0542225320436543
419,"AI-XC",20131119122053,500,500,"H","N","Y","F",922776,10,10591398,"Y",46619,"REFLEXIVE",NA,NA,NA,NA,NA,NA,NA,NA,NA,NA,NA,NA,NA,NA,NA,NA,NA,NA,NA,NA,0.0557192825123582
420,"AI-XC",20131119122053,500,500,"H","N","Y","F",922944,10,10591461,"Y",46619,"SAS",NA,NA,NA,NA,NA,NA,NA,NA,NA,NA,NA,NA,NA,NA,NA,NA,NA,NA,NA,NA,0.066434967674774
421,"AI-XC",20131119122053,500,500,"W","N","N","M",923159,10,10591463,"Y",46619,"it is congruent because b and c have the same angles",NA,NA,NA,NA,NA,NA,NA,NA,NA,NA,NA,NA,NA,NA,NA,NA,NA,NA,NA,NA,0.0230568240847282
422,"AI-XC",20131119122053,500,500,"H","N","N","F",923548,10,10591466,"Y",46619,"They are a reflection of each other",NA,NA,NA,NA,NA,NA,NA,NA,NA,NA,NA,NA,NA,NA,NA,NA,NA,NA,NA,NA,0.0417789120327259
423,"AI-XC",20131119122053,500,500,"NR","","N","M",923632,10,10591470,"Y",46619,"because AB and AC are equal and AD bisects the line BC so this means that all sides are the same length so they are the same size as well.",NA,NA,NA,NA,NA,NA,NA,NA,NA,NA,NA,NA,NA,NA,NA,NA,NA,NA,NA,NA,0.382647537376067
424,"AI-XC",20131119122053,500,500,"NR","","N","F",923635,10,10591474,"Y",46619,"They are reflectionally symmetric along line AD.",NA,NA,NA,NA,NA,NA,NA,NA,NA,NA,NA,NA,NA,NA,NA,NA,NA,NA,NA,NA,0.0539148105990112
425,"AI-XC",20131119122053,500,500,"W","N","N","F",924329,10,10591529,"Y",46619,"SSS",NA,NA,NA,NA,NA,NA,NA,NA,NA,NA,NA,NA,NA,NA,NA,NA,NA,NA,NA,NA,1
426,"AI-XC",20131119122053,500,500,"W","N","N","M",924364,10,10591538,"Y",46619,"SSS",NA,NA,NA,NA,NA,NA,NA,NA,NA,NA,NA,NA,NA,NA,NA,NA,NA,NA,NA,NA,1
427,"AI-XC",20131119122053,500,500,"A","N","N","F",924368,10,10591598,"Y",46619,"side side side",NA,NA,NA,NA,NA,NA,NA,NA,NA,NA,NA,NA,NA,NA,NA,NA,NA,NA,NA,NA,1
428,"AI-XC",20131119122053,500,500,"H","Y","Y","M",924385,10,10591702,"Y",46619,"sas",NA,NA,NA,NA,NA,NA,NA,NA,NA,NA,NA,NA,NA,NA,NA,NA,NA,NA,NA,NA,0.066434967674774
429,"AI-XC",20131119122053,500,500,"W","N","N","F",924540,10,10591705,"Y",46619,"Reflexive Property",NA,NA,NA,NA,NA,NA,NA,NA,NA,NA,NA,NA,NA,NA,NA,NA,NA,NA,NA,NA,0.0512787159207537
430,"AI-XC",20131119122053,500,500,"H","N","Y","F",924925,10,10591709,"Y",46619,"abd",NA,NA,NA,NA,NA,NA,NA,NA,NA,NA,NA,NA,NA,NA,NA,NA,NA,NA,NA,NA,0.0748652010944565
431,"AI-XC",20131119122053,500,500,"H","N","N","F",924933,10,10591715,"Y",46619,"Congruent",NA,NA,NA,NA,NA,NA,NA,NA,NA,NA,NA,NA,NA,NA,NA,NA,NA,NA,NA,NA,0.0578895422650903
432,"AI-XC",20131119122053,500,500,"H","N","N","F",924941,10,10591773,"Y",46619,"side side side",NA,NA,NA,NA,NA,NA,NA,NA,NA,NA,NA,NA,NA,NA,NA,NA,NA,NA,NA,NA,1
433,"AI-XC",20131119122053,500,500,"H","N","Y","F",924942,10,10591780,"Y",46619,"i dont know",NA,NA,NA,NA,NA,NA,NA,NA,NA,NA,NA,NA,NA,NA,NA,NA,NA,NA,NA,NA,0.0529604003512519
434,"AI-XC",20131119122053,500,500,"H","N","N","M",925039,10,10591843,"Y",46619,"Transitive Property",NA,NA,NA,NA,NA,NA,NA,NA,NA,NA,NA,NA,NA,NA,NA,NA,NA,NA,NA,NA,0.0456084627906029
435,"AI-XC",20131119122053,500,500,"H","N","N","F",925075,10,10591847,"Y",46619,"I DONT KNOW",NA,NA,NA,NA,NA,NA,NA,NA,NA,NA,NA,NA,NA,NA,NA,NA,NA,NA,NA,NA,0.0529604003512519
436,"AI-XC",20131119122053,500,500,"NR","","","F",925504,10,10591852,"Y",46619,"SSS",NA,NA,NA,NA,NA,NA,NA,NA,NA,NA,NA,NA,NA,NA,NA,NA,NA,NA,NA,NA,1
437,"AI-XC",20131119122053,500,500,"NR","","","F",925545,10,10591902,"Y",46619,"same size triangle",NA,NA,NA,NA,NA,NA,NA,NA,NA,NA,NA,NA,NA,NA,NA,NA,NA,NA,NA,NA,0.0503901069140703
438,"AI-XC",20131119122053,500,500,"H","N","N","F",925854,10,10591904,"Y",46619,"opposite angle theorem",NA,NA,NA,NA,NA,NA,NA,NA,NA,NA,NA,NA,NA,NA,NA,NA,NA,NA,NA,NA,0.0366988780416919
439,"AI-XC",20131119122053,500,500,"H","N","N","F",926428,10,10591908,"Y",46619,"SSS",NA,NA,NA,NA,NA,NA,NA,NA,NA,NA,NA,NA,NA,NA,NA,NA,NA,NA,NA,NA,1
440,"AI-XC",20131119122053,500,500,"H","N","N","M",926651,10,10591914,"Y",46619,"SSS",NA,NA,NA,NA,NA,NA,NA,NA,NA,NA,NA,NA,NA,NA,NA,NA,NA,NA,NA,NA,1
441,"AI-XC",20131119122053,500,500,"H","N","Y","M",926727,10,10591919,"Y",46619,"The reason is CPCTC",NA,NA,NA,NA,NA,NA,NA,NA,NA,NA,NA,NA,NA,NA,NA,NA,NA,NA,NA,NA,1
442,"AI-XC",20131119122053,500,500,"H","N","N","M",926728,10,10591982,"Y",46619,"SAS",NA,NA,NA,NA,NA,NA,NA,NA,NA,NA,NA,NA,NA,NA,NA,NA,NA,NA,NA,NA,0.066434967674774
443,"AI-XC",20131119122053,500,500,"H","N","N","M",926827,10,10591984,"Y",46619,"SSS",NA,NA,NA,NA,NA,NA,NA,NA,NA,NA,NA,NA,NA,NA,NA,NA,NA,NA,NA,NA,1
444,"AI-XC",20131119122053,500,500,"NR","N","N","M",928767,10,10591988,"Y",46619,"cabh",NA,NA,NA,NA,NA,NA,NA,NA,NA,NA,NA,NA,NA,NA,NA,NA,NA,NA,NA,NA,0.0842858218981238
445,"AI-XC",20131119122053,500,500,"W","N","N","F",931128,10,10591992,"Y",46619,"distributive property",NA,NA,NA,NA,NA,NA,NA,NA,NA,NA,NA,NA,NA,NA,NA,NA,NA,NA,NA,NA,0.0692420751721677
446,"AI-XC",20131119122053,500,500,"W","","","F",931337,10,10591999,"Y",46619,"Prove",NA,NA,NA,NA,NA,NA,NA,NA,NA,NA,NA,NA,NA,NA,NA,NA,NA,NA,NA,NA,0.0595370700024427
447,"AI-XC",20131119122053,500,500,"NR","","","M",939212,10,10592046,"Y",46619,"ABD and ACD make up the hole triangle",NA,NA,NA,NA,NA,NA,NA,NA,NA,NA,NA,NA,NA,NA,NA,NA,NA,NA,NA,NA,0.0400640311262944
448,"AI-XC",20131119122053,500,500,"B","Y","N","F",943086,10,10592053,"Y",46619,"propert of triangles",NA,NA,NA,NA,NA,NA,NA,NA,NA,NA,NA,NA,NA,NA,NA,NA,NA,NA,NA,NA,0.0560781819206398
449,"AI-XC",20131119122053,500,500,"H","N","Y","M",943535,10,10592094,"Y",46619,"BD DC",NA,NA,NA,NA,NA,NA,NA,NA,NA,NA,NA,NA,NA,NA,NA,NA,NA,NA,NA,NA,0.224879374477949
450,"AI-XC",20131119122053,500,500,"NR","N","N","F",950742,10,10592138,"Y",46619,"bisecters",NA,NA,NA,NA,NA,NA,NA,NA,NA,NA,NA,NA,NA,NA,NA,NA,NA,NA,NA,NA,0.0726803827269181
451,"AI-XC",20131119122053,500,500,"W","","","F",954098,10,10592191,"Y",46619,"Side-Side-Side congruency.",NA,NA,NA,NA,NA,NA,NA,NA,NA,NA,NA,NA,NA,NA,NA,NA,NA,NA,NA,NA,1
452,"AI-XC",20131119122053,500,500,"P","N","N","M",957976,10,10592200,"Y",46619,"all sides are congruent",NA,NA,NA,NA,NA,NA,NA,NA,NA,NA,NA,NA,NA,NA,NA,NA,NA,NA,NA,NA,0.0724766586008272
453,"AI-XC",20131119122053,500,500,"H","N","Y","F",960394,10,10592253,"Y",46619,"sss angles theorem",NA,NA,NA,NA,NA,NA,NA,NA,NA,NA,NA,NA,NA,NA,NA,NA,NA,NA,NA,NA,1
454,"AI-XC",20131119122053,500,500,"W","","","F",964123,10,10592259,"Y",46619,"AD bisects BC.",NA,NA,NA,NA,NA,NA,NA,NA,NA,NA,NA,NA,NA,NA,NA,NA,NA,NA,NA,NA,0.0533220947987292
455,"AI-XC",20131119122053,500,500,"H","N","N","M",964265,10,10592309,"Y",46619,"",NA,NA,NA,NA,NA,NA,NA,NA,NA,NA,NA,NA,NA,NA,NA,NA,NA,NA,NA,NA,0.0468737608282976
456,"AI-XC",20131119122053,500,500,"W","N","N","M",967450,10,10592316,"Y",46619,"opposite sides congruent",NA,NA,NA,NA,NA,NA,NA,NA,NA,NA,NA,NA,NA,NA,NA,NA,NA,NA,NA,NA,0.081997437844173
457,"AI-XC",20131119122053,500,500,"NR","","","F",967502,10,10592361,"Y",46619,"BD = DC",NA,NA,NA,NA,NA,NA,NA,NA,NA,NA,NA,NA,NA,NA,NA,NA,NA,NA,NA,NA,0.234879671471383
458,"AI-XC",20131119122053,500,500,"NR","","","M",967632,10,10592363,"Y",46619,"Side Angle Side",NA,NA,NA,NA,NA,NA,NA,NA,NA,NA,NA,NA,NA,NA,NA,NA,NA,NA,NA,NA,0.0693797049304126
459,"AI-XC",20131119122053,500,500,"W","N","N","M",968095,10,10592367,"Y",46619,"CPCTC",NA,NA,NA,NA,NA,NA,NA,NA,NA,NA,NA,NA,NA,NA,NA,NA,NA,NA,NA,NA,1
460,"AI-XC",20131119122053,500,500,"B","","","M",968388,10,10592371,"Y",46619,"they have equal triangles",NA,NA,NA,NA,NA,NA,NA,NA,NA,NA,NA,NA,NA,NA,NA,NA,NA,NA,NA,NA,0.05593907133682
461,"AI-XC",20131119122053,500,500,"H","N","N","F",968414,10,10592377,"Y",46619,"YES SHE IS  ,",NA,NA,NA,NA,NA,NA,NA,NA,NA,NA,NA,NA,NA,NA,NA,NA,NA,NA,NA,NA,0.0529798750085395
462,"AI-XC",20131119122053,500,500,"W","N","N","F",968861,10,10592422,"Y",46619,"The two triangles are equal because AD bisects the triangle into two lesser but equal triangles.",NA,NA,NA,NA,NA,NA,NA,NA,NA,NA,NA,NA,NA,NA,NA,NA,NA,NA,NA,NA,0.133674935066827
463,"AI-XC",20131119122053,500,500,"W","","","M",969150,10,10592425,"Y",46619,"AD bisects BC to form two right angles",NA,NA,NA,NA,NA,NA,NA,NA,NA,NA,NA,NA,NA,NA,NA,NA,NA,NA,NA,NA,0.0224336285391934
464,"AI-XC",20131119122053,500,500,"W","N","N","F",969220,10,10592429,"Y",46619,"triangle ABD is congruent to triangle ACD because it is already given that line segments AB and AC are the same, and AD bisects BC in half, leaving BD and DC to be congruent, and the bisector is the same length, so therefor the triangles are the same",NA,NA,NA,NA,NA,NA,NA,NA,NA,NA,NA,NA,NA,NA,NA,NA,NA,NA,NA,NA,0.922042183734131
465,"AI-XC",20131119122053,500,500,"H","N","N","M",969893,10,10592435,"Y",46619,"Its given",NA,NA,NA,NA,NA,NA,NA,NA,NA,NA,NA,NA,NA,NA,NA,NA,NA,NA,NA,NA,0.0516221324692665
466,"AI-XC",20131119122053,500,500,"W","","","M",969898,10,10592483,"Y",46619,"they are the same if you flip it along the AD line",NA,NA,NA,NA,NA,NA,NA,NA,NA,NA,NA,NA,NA,NA,NA,NA,NA,NA,NA,NA,0.023357763748311
467,"AI-XC",20131119122053,500,500,"W","","","M",969902,10,10592487,"Y",46619,"Corresponding parts of congruent triangles are congruent",NA,NA,NA,NA,NA,NA,NA,NA,NA,NA,NA,NA,NA,NA,NA,NA,NA,NA,NA,NA,0.142891469531482
468,"AI-XC",20131119122053,500,500,"W","","N","M",970073,10,10592491,"Y",46619,"ABC triangle is spilt into two triangles from the Bisects of AD",NA,NA,NA,NA,NA,NA,NA,NA,NA,NA,NA,NA,NA,NA,NA,NA,NA,NA,NA,NA,0.0452145385467839
469,"AI-XC",20131119122053,500,500,"NR","","","M",970874,10,10592496,"Y",46619,"i dont know",NA,NA,NA,NA,NA,NA,NA,NA,NA,NA,NA,NA,NA,NA,NA,NA,NA,NA,NA,NA,0.0529604003512519
470,"AI-XC",20131119122053,500,500,"NR","","","M",970879,10,10592562,"Y",46619,"if  BD = DC then  d is the centeral point. and BA = AC then ABD=ACD",NA,NA,NA,NA,NA,NA,NA,NA,NA,NA,NA,NA,NA,NA,NA,NA,NA,NA,NA,NA,0.596470452080223
471,"AI-XC",20131119122053,500,500,"W","Y","N","M",971573,10,10592565,"Y",46619,"l",NA,NA,NA,NA,NA,NA,NA,NA,NA,NA,NA,NA,NA,NA,NA,NA,NA,NA,NA,NA,0.0928431457464281
472,"AI-XC",20131119122053,500,500,"W","N","N","F",971616,10,10592573,"Y",46619,"jfgjfgjfg",NA,NA,NA,NA,NA,NA,NA,NA,NA,NA,NA,NA,NA,NA,NA,NA,NA,NA,NA,NA,0.0563110654942958
473,"AI-XC",20131119122053,500,500,"W","N","N","M",972210,10,10592624,"Y",46619,"There the same size",NA,NA,NA,NA,NA,NA,NA,NA,NA,NA,NA,NA,NA,NA,NA,NA,NA,NA,NA,NA,0.0520277474796759
474,"AI-XC",20131119122053,500,500,"W","","","F",973657,10,10592628,"Y",46619,"Because they are at the same degree, they are both making triangular figures.",NA,NA,NA,NA,NA,NA,NA,NA,NA,NA,NA,NA,NA,NA,NA,NA,NA,NA,NA,NA,0.0393458352700845
475,"AI-XC",20131119122053,500,500,"W","N","","F",973761,10,10592633,"Y",46619,"Side, side, side",NA,NA,NA,NA,NA,NA,NA,NA,NA,NA,NA,NA,NA,NA,NA,NA,NA,NA,NA,NA,1
476,"AI-XC",20131119122053,500,500,"W","N","","M",974732,10,10592698,"Y",46619,"its all the same size",NA,NA,NA,NA,NA,NA,NA,NA,NA,NA,NA,NA,NA,NA,NA,NA,NA,NA,NA,NA,0.0452775986185369
477,"AI-XC",20131119122053,500,500,"W","","","F",975010,10,10592807,"Y",46619,"Reflexive Property.",NA,NA,NA,NA,NA,NA,NA,NA,NA,NA,NA,NA,NA,NA,NA,NA,NA,NA,NA,NA,0.0513387487601877
478,"AI-XC",20131119122053,500,500,"H","N","N","F",975454,10,10592812,"Y",46619,"ABD is congruent to ACD.",NA,NA,NA,NA,NA,NA,NA,NA,NA,NA,NA,NA,NA,NA,NA,NA,NA,NA,NA,NA,0.0256490152491807
479,"AI-XC",20131119122053,500,500,"NR","","","F",975527,10,10592818,"Y",46619,"trans. triangles theorem.",NA,NA,NA,NA,NA,NA,NA,NA,NA,NA,NA,NA,NA,NA,NA,NA,NA,NA,NA,NA,0.0931075151661083
480,"AI-XC",20131119122053,500,500,"NR","N","N","F",975534,10,10592924,"Y",46619,"AB and AC are congruent",NA,NA,NA,NA,NA,NA,NA,NA,NA,NA,NA,NA,NA,NA,NA,NA,NA,NA,NA,NA,0.0809893370246534
481,"AI-XC",20131119122053,500,500,"W","N","N","F",977466,10,10593029,"Y",46619,"Line AB and Line AC were given that they are congruent. Line AD bisects line BC, which would make lines BD and DC congruent as well. According to the Side side side rule, the 2 triangles ABD and ACD are congruent triangles.",NA,NA,NA,NA,NA,NA,NA,NA,NA,NA,NA,NA,NA,NA,NA,NA,NA,NA,NA,NA,1
482,"AI-XC",20131119122053,500,500,"W","N","N","F",978272,10,10593036,"Y",46619,"it makes a whole triangle",NA,NA,NA,NA,NA,NA,NA,NA,NA,NA,NA,NA,NA,NA,NA,NA,NA,NA,NA,NA,0.0532000052492523
483,"AI-XC",20131119122053,500,500,"A","N","N","M",982186,10,10593084,"Y",46619,"ABD is congruent to ACD because since BD is congruent to DC and AD is bisecting BC it makes the two angles congruent.",NA,NA,NA,NA,NA,NA,NA,NA,NA,NA,NA,NA,NA,NA,NA,NA,NA,NA,NA,NA,0.318226646795382
484,"AI-XC",20131119122053,500,500,"H","N","Y","F",983234,10,10593088,"Y",46619,"ABD=ACD are both the same lenght from side to bottom",NA,NA,NA,NA,NA,NA,NA,NA,NA,NA,NA,NA,NA,NA,NA,NA,NA,NA,NA,NA,0.0668593825583087
485,"AI-XC",20131119122053,500,500,"2","","","M",984834,10,10593094,"Y",46619,"reflexive property",NA,NA,NA,NA,NA,NA,NA,NA,NA,NA,NA,NA,NA,NA,NA,NA,NA,NA,NA,NA,0.0512787159207537
486,"AI-XC",20131119122053,500,500,"W","N","N","M",986546,10,10593100,"Y",46619,"the reason is that all of the side are congruent to each other of the triangle",NA,NA,NA,NA,NA,NA,NA,NA,NA,NA,NA,NA,NA,NA,NA,NA,NA,NA,NA,NA,0.0947054783841906
487,"AI-XC",20131119122053,500,500,"W","N","N","M",989799,10,10593203,"Y",46619,"they both make equal sized triangles",NA,NA,NA,NA,NA,NA,NA,NA,NA,NA,NA,NA,NA,NA,NA,NA,NA,NA,NA,NA,0.0450201670967113
488,"AI-XC",20131119122053,500,500,"W","N","N","M",990076,10,10593207,"Y",46619,"AB=AC, AD=AD, BD=DC, SO THREE SIDES ARE THE SAME THAT MEANS THEY ARE EQUAL",NA,NA,NA,NA,NA,NA,NA,NA,NA,NA,NA,NA,NA,NA,NA,NA,NA,NA,NA,NA,0.754751284880379
489,"AI-XC",20131119122053,500,500,"NR","","","F",1000268,10,10593214,"Y",46619,"",NA,NA,NA,NA,NA,NA,NA,NA,NA,NA,NA,NA,NA,NA,NA,NA,NA,NA,NA,NA,0.0468737608282976
490,"AI-XC",20131119122053,500,500,"NR","","","M",1000397,10,10593303,"Y",46619,"",NA,NA,NA,NA,NA,NA,NA,NA,NA,NA,NA,NA,NA,NA,NA,NA,NA,NA,NA,NA,0.0468737608282976
491,"AI-XC",20131119122053,500,500,"W","N","N","M",1002465,10,10593306,"Y",46619,"AB=AC",NA,NA,NA,NA,NA,NA,NA,NA,NA,NA,NA,NA,NA,NA,NA,NA,NA,NA,NA,NA,0.228692293068138
492,"AI-XC",20131119122053,500,500,"B","N","N","F",1002952,10,10593313,"Y",46619,"They are corresponding",NA,NA,NA,NA,NA,NA,NA,NA,NA,NA,NA,NA,NA,NA,NA,NA,NA,NA,NA,NA,0.0414601239328248
493,"AI-XC",20131119122053,500,500,"H","N","N","F",1004064,10,10593407,"Y",46619,"they are the congruent damn it",NA,NA,NA,NA,NA,NA,NA,NA,NA,NA,NA,NA,NA,NA,NA,NA,NA,NA,NA,NA,0.0472749289289708
494,"AI-XC",20131119122053,500,500,"H","N","N","F",1004083,10,10593412,"Y",46619,"Side angle side",NA,NA,NA,NA,NA,NA,NA,NA,NA,NA,NA,NA,NA,NA,NA,NA,NA,NA,NA,NA,0.0693797049304126
495,"AI-XC",20131119122053,500,500,"H","N","Y","M",1004927,10,10593416,"Y",46619,"SSS",NA,NA,NA,NA,NA,NA,NA,NA,NA,NA,NA,NA,NA,NA,NA,NA,NA,NA,NA,NA,1
496,"AI-XC",20131119122053,500,500,"B","N","N","M",1009285,10,10593466,"Y",46619,"The line splitting therom",NA,NA,NA,NA,NA,NA,NA,NA,NA,NA,NA,NA,NA,NA,NA,NA,NA,NA,NA,NA,0.049244463780733
497,"AI-XC",20131119122053,500,500,"W","N","N","F",1009496,10,10593471,"Y",46619,"the triangle is bicected which means that the triangle to split down the middle so triangle ABD is equivalent to ACD",NA,NA,NA,NA,NA,NA,NA,NA,NA,NA,NA,NA,NA,NA,NA,NA,NA,NA,NA,NA,0.195555196598055
498,"AI-XC",20131119122053,500,500,"P","","","M",1009609,10,10593476,"Y",46619,"SSS theorem",NA,NA,NA,NA,NA,NA,NA,NA,NA,NA,NA,NA,NA,NA,NA,NA,NA,NA,NA,NA,1
499,"AI-XC",20131119122053,500,500,"NR","N","Y","M",1013208,10,10593527,"Y",46619,"4",NA,NA,NA,NA,NA,NA,NA,NA,NA,NA,NA,NA,NA,NA,NA,NA,NA,NA,NA,NA,0.0881314629657693
